City,State,Status,GOLF2020Rank,GOLF2022Rank,GOLF2024Rank,GD2018Rank,GD2021Rank,GD2023Rank,GD2025PublicRank,Slope,Year,GD2025Rank,Course,GD2025ShotOptions,GD2025Character,GD2025Challenge,GD2025LayoutVariety,GD2025Fun,GD2025Aesthetics,GD2025Conditioning,GD2021ShotOptions,GD2021Challenge,GD2021LayoutVariety,GD2021Destinctiveness,GD2021Aesthetics,GD2021Conditioning,GD2021Character,GD2021Score,GD2023ShotOptions,GD2023Character,GD2023Challenge,GD2023LayoutVariety,GD2023Fun,GD2023Aesthetics,GD2023Conditioning,GD2023Score
Pine Valley,NJ,Private,1,1,1,1,1,1,NA,155,1918,1,Pine Valley Golf Club,8.9211,9.2456,8.9851,9.1403,8.2329,8.9159,8.701,8.9583,8.9302,9.157,9.2309,8.943,8.7555,9.2222,72.15539999999999,8.9134,9.2188,8.969,9.13,7.9747,8.8822,8.7193,79.8508
Augusta,GA,Private,6,7,6,2,2,2,NA,148,1933,2,Augusta National Golf Club,8.6611,9.3106,8.606,8.8297,8.7415,9.1302,9.0526,8.6896,8.6754,8.7851,9.2987,9.2293,9.0211,9.4352,71.824,8.5742,9.299,8.5767,8.8254,8.5797,9.0809,9.0027,79.3382
Pebble Beach,CA,Private,2,2,2,3,3,3,NA,140,NA,3,Cypress Point Club,8.5196,9.2494,7.9378,8.8547,8.6931,9.2926,8.2711,8.5151,7.9897,8.8685,9.2345,9.2949,8.3651,9.1863,69.9692,8.5504,9.2457,8.0346,8.9005,8.6732,9.3146,8.384,78.5539
Southampton,NY,Private,3,3,3,4,4,4,NA,140,1931,4,Shinnecock Hills Golf Club,8.6229,8.908,8.7204,8.6196,8.1767,8.5813,8.4799,8.6636,8.6858,8.6158,8.7484,8.6853,8.4891,8.9749,69.5265,8.535,8.8666,8.6749,8.6043,8.0862,8.5712,8.516,76.9935
Oakmont,PA,Private,5,5,5,5,5,5,NA,142,1903,5,Oakmont Country Club,8.5702,8.7851,8.9238,8.5468,7.8854,8.2718,8.7243,8.6083,8.8827,8.522,8.6333,8.2154,8.6991,8.8103,68.9794,8.577,8.7449,8.8831,8.5325,7.876,8.2781,8.6775,76.67859999999999
Ardmore,PA,Private,8,8,8,6,6,6,NA,151,1912,6,Merion Golf Club (East),8.4099,8.776,8.3519,8.5433,8.1127,8.2784,8.3474,8.4307,8.3721,8.5553,8.6046,8.271,8.1704,8.8459,67.6807,8.3637,8.8102,8.3524,8.5339,8.0675,8.2416,8.3055,75.5724
Southampton,NY,Private,4,4,4,8,7,7,NA,140,1911,7,National Golf Links of America,8.4142,8.8049,7.758,8.5679,8.5101,8.476,8.1811,8.3403,7.8054,8.6108,8.6637,8.5411,8.2669,8.8135,67.38199999999999,8.3796,8.8151,7.7923,8.5992,8.5074,8.5184,8.2148,75.8056
Mullen,NE,Private,7,6,7,9,10,8,NA,130,1994,8,Sand Hills Golf Club,8.3317,8.4479,7.8786,8.3317,8.2464,8.2909,8.1331,8.2699,7.9651,8.3443,8.5261,8.3763,8.2509,8.4184,66.4209,8.2899,8.432,7.8904,8.3626,8.2451,8.3434,8.1603,74.37620000000001
Pebble Beach,CA,Public,10,11,9,7,8,12,1,144,1919,9,Pebble Beach Golf Links,8.1043,8.5548,8.0674,8.2789,8.2235,8.8446,7.777,8.2572,8.1057,8.4007,8.9754,8.9601,7.7661,8.6352,67.3576,8.0259,8.4381,7.9263,8.1825,8.0069,8.7237,7.6528,73.1646
Fishers Island,NY,Private,9,9,11,11,9,9,NA,134,1926,10,Fishers Island Club,8.1691,8.638,7.6561,8.4134,8.3543,8.7208,7.7583,8.1587,7.7299,8.4242,8.7621,8.8176,7.7531,8.6691,66.4734,8.1516,8.6674,7.6838,8.4167,8.3687,8.7363,7.7718,74.36460000000001
Wheaton,IL,Private,14,13,12,14,13,13,NA,135,1894,11,Chicago Golf Club,8.2232,8.5503,7.9518,8.2797,8.0698,7.9782,8.264,8.152,7.8925,8.2561,8.2453,7.955,8.3481,8.6412,65.6422,8.1951,8.568,7.9347,8.2182,8.0234,7.9987,8.2899,73.6413
Juno Beach,FL,Private,20,21,17,13,11,10,NA,144,1929,12,Seminole Golf Club,8.1385,8.5152,8.1628,8.1039,7.9927,8.1646,8.2645,8.1433,8.1322,8.1596,8.316,8.1856,8.2886,8.7017,66.0703,8.1603,8.5524,8.173,8.1396,7.9137,8.1303,8.2169,73.58609999999999
Mamaroneck,NY,Private,15,16,18,10,12,11,NA,145,1923,13,Winged Foot Golf Club (West),8.1729,8.3953,8.457,8.0513,7.7718,7.8636,8.3092,8.2394,8.5426,8.0361,8.1095,7.9131,8.3517,8.6225,66.0543,8.1604,8.4463,8.4358,8.0421,7.8058,7.908,8.3049,73.30579999999999
Riverhead,NY,Private,13,15,15,19,16,15,NA,138,2002,14,Friar's Head Golf Club,8.1266,8.2638,7.8859,8.2302,8.1496,8.285,8.1252,8.017,7.9353,8.19,8.293,8.2853,8.0958,8.2003,65.0337,8.1185,8.2185,7.9295,8.2236,8.0372,8.249,8.1282,73.2466
Frankfor,MI,Private,16,20,13,12,14,14,NA,143,1931,15,Crystal Downs Country Club,8.1226,8.2977,8.0432,8.2625,7.9002,8.0221,7.9587,8.1402,8.1231,8.3147,8.3066,8.1215,8.1339,8.2712,65.5514,8.1312,8.2891,8.0413,8.2606,7.7869,8.123,8.0001,73.024
Los Angeles,CA,Private,12,10,10,23,19,16,NA,143,1927,16,Los Angeles Country Club (North),8.1016,8.2047,8.0767,8.2062,7.9028,7.9528,8.1141,8.0509,8.0776,8.1779,8.1256,7.9658,8.0692,8.2196,64.73750000000001,8.0264,8.1919,8.0298,8.1918,7.9036,7.973,8.1102,72.6449
Brookline,MA,Private,22,22,21,16,17,19,NA,NA,1895,17,The Country Club,8.0445,8.4805,8.1315,8.0991,7.8551,7.9853,7.9817,8.0524,8.0206,8.1116,8.1319,7.9524,7.9184,8.6314,64.87109999999998,7.9459,8.4948,7.0553,8.067,7.763,7.9166,7.9012,71.1567
Pacific Palisades,CA,Private,17,14,14,24,22,18,NA,144,1926,18,Riviera Country Club,8.1025,8.1444,8.0517,8.1608,7.9822,7.8564,8.0254,8.0904,8.0617,8.1434,8.1601,7.8116,7.9474,8.2028,64.5078,8.0362,8.1316,8.0468,8.1164,7.9912,7.7352,7.9506,72.16059999999999
Dublin,OH,Private,51,48,56,15,15,17,NA,155,1974,19,Muirfield Village Golf Club,8.0371,8.1127,8.2098,8.0153,7.5726,7.9387,8.1142,8.111,8.1814,8.0692,8.1382,8.0203,8.2201,8.2071,65.0583,8.0266,8.1353,8.2096,8.0149,7.5987,7.9715,8.1618,72.1599
Bloomfield Hills,MI,Private,35,19,20,17,21,20,NA,145,1917,20,Oakland Hills Country Club (South),8.0172,8.121,8.2871,7.9745,7.5223,7.7938,8.1734000000000009,8.077,8.2837,7.9689,8.004,7.8274,8.1134,8.274,64.62539999999998,7.9552,8.0683,8.2584,7.9207,7.528,7.7899,8.1053,71.5017
Rochester,NY,Private,40,37,36,20,20,22,NA,143,1925,21,Oak Hill Country Club (East),7.9705,8.0748,8.3351,7.9745,7.5309,7.7822,8.1686,8.0879,8.3414,7.9813,7.9849,7.8648,8.0536,8.255,64.6568,7.9644,8.1376,8.2955,7.9439,7.5253,7.8014,8.1314,71.7078
Atlanta,GA,Private,37,36,33,33,30,25,NA,142,1947,22,Peachtree Golf Club,7.933,8.2192,7.809,7.8744,7.9302,8.0757,8.2126,7.8483,7.8328,7.7992,7.9451,7.9618,8.2201,8.3059,63.761500000000005,7.8675,8.2212,7.7532,7.854,7.909,8.0614,8.1976,71.58539999999999
Bandon,OR,Public,19,17,19,18,18,21,2,142,2001,23,Pacific Dunes,7.9518,8.1282,7.769,8.035,7.8529,8.3086,7.6251,7.9939,7.8685,8.1365,8.2906,8.8406,7.6969,8.4037,65.22460000000001,7.9646,8.2296,7.7999,8.0642,7.8606,8.3364,7.7071,71.99119999999999
North Las Vegas,NV,Public,81,76,80,26,27,27,3,145,1990,24,Shadow Creek,7.8403,8.0642,7.7572,7.9049,7.9078,8.213,8.2405,7.8305,7.7245,8.0138,8.0648,8.2791,8.2148,8.1739,64.1319,7.8005,8.0941,7.7613,7.8752,7.8136,8.201,8.1989,71.4203
Hutchison,KS,Private,18,18,16,29,25,23,NA,148,1937,25,Prairie Dunes Country Club,8.0255,8.0462,7.9874,8.0179,7.7619,7.8651,7.761,8.111,8.0613,8.124,8.1551,7.9509,7.8138,8.0286,64.3557,8.0688,8.0812,7.9858,7.9976,7.8037,7.8963,7.8651,71.7649
Sheboygan,WI,Public,49,54,55,22,23,26,4,152,1998,26,Whistling Straits (Straits),7.8969,8.0715,8.1211,7.9083,7.5638,8.2321,7.711,7.9636,8.1717,7.9573,8.2064,8.3028,7.7799,8.159,64.5043,7.8384,8.0459,8.0849,7.8403,7.5057,8.2125,7.6928,70.8992
Cashiers,NC,Private,50,56,63,25,26,32,NA,146,1987,27,Wade Hampton Golf Club,7.8869,8.0261,7.7852,7.9721,7.866,8.2301,7.9859,7.9299,7.8171,8.032,8.1289,8.332,8.0408,8.1405,64.3511,7.8461,7.9681,7.7547,7.909,7.71,8.1965,7.888,71.0275
Tulsa,OK,Private,28,24,24,35,32,28,NA,142,1936,28,Southern Hills Country Club,7.9853,8.0654,8.0726,7.8717,7.7364,7.7993,8.0743,8.0119,8.0571,7.8248,7.8544,7.8013,8.0032,8.127,63.6916,7.965,8.107,8.0745,7.8637,7.6858,7.8058,8.0577,71.3882
Ooltewah,TN,Private,63,52,54,32,28,31,NA,151,1983,29,The Honors Course,7.9369,8.1777,8.0844,7.892,7.5547,7.8354,7.9442,7.9447,8.0356,7.9357,7.8708,7.9434,8.0784,8.2602,64.01350000000001,7.8788,8.1643,8.0652,7.8907,7.5303,7.8404,7.9351,71.07430000000001
Kiawah Island,SC,Public,31,32,37,21,24,24,5,155,1991,30,Kiawah Island Golf Resort: The Ocean Course,7.8969,8.062,8.2825,7.8451,7.4736,8.1261,7.7016,8.0013,8.3197,7.8665,8.1297,8.2226,7.7505,8.1231,64.41470000000001,7.8978,8.0567,8.2799,7.8104,7.4412,8.1157,7.7114,71.0213
Morgantown,WV,Private,60,64,57,40,33,30,NA,155,2009,31,Pikewood National Golf Club,7.8091,7.921,8.2903,7.8518,7.2938,8.0664,7.9954,7.8314,8.1747,7.7643,7.9768,8.1169,8.1239,7.8169,63.63629999999999,7.853,7.9302,8.3094,7.8417,7.1966,8.1047,7.9853,70.9156
Pinehurst,NC,Public,11,12,13,30,29,29,6,138,1935,32,Pinehurst No. 2,7.9829,8.2165,8.1525,7.7848,7.5138,7.7315,7.8851,8.0338,8.1707,7.8143,7.9285,7.8062,7.8931,8.2835,63.963899999999995,7.9518,8.2169,8.1381,7.78,7.4602,7.7092,7.8489,70.83690000000001
San Francisco,CA,Private,21,23,22,37,36,33,NA,136,NA,33,San Francisco Golf Club,7.8429,8.2696,7.5586,7.8799,7.9168,7.9372,7.9351,7.8139,7.5564,7.8872,8.0135,7.9515,7.8934,8.3912,63.321000000000005,7.7939,8.2365,7.5763,7.8494,7.8619,7.9008,7.8569,70.719
Holyoke,CO,Private,34,31,35,50,44,36,NA,126,2006,34,Ballyneal Golf Club,7.9985,7.971,7.6005,7.9352,7.8166,7.8285,7.6591,7.914,7.6252,7.9574,7.9344,7.8754,7.629,8.0301,62.87949999999999,7.9662,8.04,7.5709,7.9129,7.843,7.8888,7.6832,70.78410000000001
San Francisco,CA,Private,NA,NA,NA,21,34,35,NA,141,1924,35,The Olvmpic Club (Lake),7.7991,7.9951,8.021,7.8243,7.5402,7.7729,7.6994,7.9581,8.2009,7.7798,7.9071,7.8649,7.7719,8.0767,63.517500000000005,7.8621,8.0095,8.1286,7.7511,7.503,7.8115,7.7124,70.3914
Cobbtown,GA,Private,32,39,44,NA,NA,34,NA,NA,2019,36,Ohoope Match Club,7.8903,8.0139,7.5247,7.9026,8.0659,7.6759,7.9262,NA,NA,NA,NA,NA,NA,NA,NA,7.9219,8.0472,7.6038,7.9161,8.0808,7.7343,7.963,71.1051
Roland,AR,Private,NA,NA,NA,27,35,38,NA,137,2004,37,The Alotian Club,7.6639,8.033,7.6532,7.6166,7.7225,8.2006,8.1897,7.7199,7.6681,7.6222,7.9849,8.3236,8.2343,8.2354,63.5083,7.6553,8.1389,7.5979,7.5961,7.662,8.2446,8.2158,70.362
Winston Salem,NC,Private,41,38,32,NA,92,54,NA,138,1939,39,Old Town Club,7.8367000000000004,7.9258,7.614,7.9455,7.8486,7.7254,7.7587,7.7039,7.5395,7.8242,7.6872,7.5531,7.5446,7.7764,61.332800000000006,7.7852,7.8611,7.5639,7.9073,7.7898,7.7165,7.7298,70.0461
Farmingdale,NY,Public,30,30,34,38,40,39,7,152,1936,39,Bethpage Black,7.8527,7.756,8.3692,7.8551,7.3098,7.5458,7.5446,8.0057,8.48,7.9412,8.003,7.535,7.5169,7.6652,63.1527,7.8769,7.6831,8.3996,7.8792,7.2657,7.5127,7.5459,69.9192
Ridgeland,SC,Private,72,85,NA,NA,39,42,NA,155,2018,40,Congaree Golf Club,7.7754,7.871,7.7851,7.7192,7.6291,7.733,8.1588,7.7921,7.8958,7.7716,7.7161,7.8127,8.3028,8.0909,63.174099999999996,7.7508,7.9695,7.8207,7.7113,7.5471,7.734,8.1643,70.1598
Ponte Vedra Beach,FL,Public,45,50,48,51,52,41,8,155,1980,41,TPC Sawgrass (Players Stadium),7.8143,7.8202,8.0261,7.8609,7.4161,7.6673,7.6269,7.8198,8.0047,7.8864,8.0374,7.655,7.5104,7.7667,62.5002,7.7874,7.7899,7.9844,7.8668,7.3482,7.6646,7.5615,69.657
Springfield,NY,Private,69,41,42,39,45,45,NA,145,1922,42,Baltusrol G.C. (Lower),7.7486,7.9688,7.8645,7.7102,7.5918,7.6445,8.0625,7.7757,7.9808,7.5582,7.6556,7.7356,8.1213,8.2515,62.85439999999999,7.7059,7.9814,7.8428,7.7225,7.5268,7.6178,8.0082,69.8338
Harrison,ID,Private,70,70,76,28,31,37,NA,144,2007,43,Gozzer Ranch Golf & Lake Club,7.7335,7.8182,7.6256,7.8099,7.8087,8.1389,7.7838,7.8288,7.7009,8.0126,8.1119,8.2709,7.928,8.0195,63.70139999999999,7.7305,7.8732,7.6152,7.8676,7.7824,8.1405,7.8046,70.4121
Bandon,OR,Public,44,46,49,36,37,40,9,143,1999,44,Bandon Dunes,7.7302,8.0684,7.5425,7.8198,7.8953,8.1573,7.5756,7.7452,7.6051,7.8987,8.1083,8.3233,7.6036,8.2828,63.3122,7.7212,8.1524,7.5585,7.8603,7.8927,8.2103,7.6712,70.6481
Mamaroneck,NY,Private,46,43,45,62,41,61,NA,145,1916,45,Winged Foot Golf Club (East),7.7411,7.9972,7.7513,7.6856,7.6872,7.6668,8.0633,7.8181,7.8454,7.7743,7.7584,7.7454,8.1321,8.2147,63.1065,7.67,7.8259,7.6435,7.5818,7.6583,7.6199,7.7911,69.0423
New Albany,OH,Private,42,51,60,34,43,44,NA,142,1967,46,The Golf Club,7.7313,8.0084,7.7067,7.8106,7.694,7.6898,7.8365,7.8058,7.8029,7.8974,7.8132,7.8061,7.8167,8.1952,62.9431,7.7341,8.0191,7.7173,7.8132,7.7205,7.7254,7.7918,70.0687
Lake Bluff,IL,Private,24,25,25,66,54,55,NA,140,1921,47,Shoreacres,7.7471,8.0638,7.2652,7.9246,7.9442,7.661,7.9521,7.7038,7.2254,7.934,7.9027,7.7122,8.0076,8.143,62.33250000000001,7.6156,8.0459,7.1788,7.8194,7.8625,7.6651,7.9138,69.53609999999999
Cincinnati,OH,Private,26,34,31,52,42,47,NA,130,1925,48,Camargo Club,7.7777,8.0525,7.4436,7.8467,7.8587,7.6641,7.8523,7.8254,7.4665,7.9784,8.0236,7.8046,7.9647,8.1395,63.0281,7.8069,8.0735,7.4467,7.8391,7.8724,7.6631,7.8064,70.1541
Hartford,WI,Public,NA,NA,NA,44,46,48,10,145,2006,49,Erin Hills Golf Course,7.7439,7.8012,7.896,7.7904,7.5085,7.7195,7.6914,7.8432,8.0105,7.9378,7.8223,7.7873,7.7213,7.8877,62.853300000000004,7.7267,7.82,7.8972,7.791,7.4955,7.7058,7.6761,69.63000000000001
Castle Rock,CO,Private,NA,NA,NA,42,48,46,NA,148,1981,50,Castle Pines Golf Club,7.7168,7.8335,7.7513,7.7012,7.5302,7.9685,7.7601,7.7395,7.7356,7.706,7.8944,8.0911,7.7013,7.0263,61.6337,7.6948,7.8583,7.7364,7.6752,7.4844,7.9909,7.7264,69.5364
Southampton,NY,Private,97,NA,NA,41,38,43,NA,151,2006,51,Sebonack Golf Club,7.6875,7.7823,7.6899,7.7086,7.6767,8.0535,7.8077,7.7729,7.8739,7.8122,7.942,8.2154,7.9691,7.9166,63.275000000000006,7.6561,7.8002,7.7735,7.6961,7.5867000000000004,8.0291,7.7438,69.6377
Scarborough,NY,Private,36,35,40,101,62,59,NA,141,1915,52,Sleepy Hollow Country Club,7.6824,7.9057,7.478,7.8403,7.8255,7.9749,7.6691,7.6899,7.4671,7.827,7.9879,8.009,7.6648,7.8395,62.1751,7.6572,7.8482,7.4663,7.7563,7.7337,7.9473,7.6282,69.4507
East Hampton,NY,Private,29,29,29,72,64,52,NA,140,1924,53,Maidstone Club (West),7.6651,8.0767,7.4053,7.7619,7.8449,8.0731,7.6325,7.6002,7.314,7.7406,8.0412,8.1432,7.4901,8.2006,62.1301,7.632,8.0681,7.3961,7.7337,7.8518,8.0452,7.562,69.6546
South Hamilton,MA,Private,43,42,43,NA,69,50,NA,138,1898,54,Myopia Hunt Club,7.7071,8.079,7.5562,7.7793,7.7321,7.7364,7.6788,7.62,7.4109,7.8191,7.8955,7.7277,7.6744,8.1709,61.93849999999999,7.6573,8.0775,7.4921,7.7506,7.6288,7.7415,7.6491,69.40480000000001
Pebble Beach,CA,Private,67,66,71,65,53,62,NA,133,2004,55,Monterey Peninsula Country Club (Shore),7.6258,7.8975,7.3894,7.6882,7.7933,8.1691,7.9144,7.6131,7.3975,7.7027,7.9634,8.292,7.8987,7.9822,62.4627,7.5945,7.8288,7.3754,7.6435,7.7421,8.1434,7.8478,69.4135
Bernardsville,NJ,Private,23,26,27,64,50,57,NA,140,1918,56,Somerset Hills Country Club,7.6953,7.9467,7.4365,7.8681,7.7803,7.676,7.7946,7.7271,7.4346,7.9769,7.9458,7.8274,7.8804,8.0548,62.5741,7.6297,7.8786,7.3967,7.8153,7.7192,7.6636,7.758,69.3061
San Francisco,CA,Private,27,27,26,110,101,71,NA,135,1926,57,California Golf Club,7.7667,7.8189,7.6177,7.7181,7.7812,7.6548,7.8514,7.6116,7.5354,7.634,7.6122,7.5287,7.7433,7.7286,61.0054,7.6959,7.8215,7.6078,7.6821,7.707,7.6195,7.8221,69.3339
Garden City,NY,Private,25,28,28,46,61,64,NA,140,1899,58,Garden City Golf Club,7.6913,8.1374,7.4868,7.7025,7.8744,7.6675,7.789,7.7086,7.415,7.8091,7.8218,7.6732,7.8176,8.2308,62.1847,7.6591,8.1106,7.3999,7.6897,7.8415,7.6407,7.7518,69.4421
Kailua-Kona,HI,Private,94,91,83,NA,NA,49,NA,133,2003,59,Nanea Golf Club,7.6289,7.7893,7.4001,7.6036,7.831,8.157,8.0379,NA,NA,NA,NA,NA,NA,NA,NA,7.668,7.9539,7.4201,7.7041,7.9282,8.0933,8.0377,70.1774
Newburgh,IN,Private,NA,NA,NA,43,47,53,NA,152,1999,60,Victoria National Golf Club,7.6603,7.6175,8.1249,7.7047,7.1284,7.7336,7.6227,7.7767,8.1079,7.8407,7.9116,7.8686,7.7234,7.6851,62.6907,7.7193,7.6324,8.1046,7.7578,7.2038,7.7341,7.702,69.33109999999999
Bandon,OR,Public,38,40,39,70,67,65,11,137,2005,61,Bandon Trails,7.684,7.8323,7.6191,7.8407,7.629,7.8015,7.4827,7.6705,7.5906,7.8411,7.8179,7.9023,7.5669,7.9625,62.02230000000001,7.6548,7.8704,7.5899,7.8465,7.6285,7.8417,7.5351,69.4682
Toledo,OH,Private,33,33,41,89,65,58,NA,151,1919,62,Inverness Club,7.7221,7.8824,7.8484,7.5586,7.6264,7.5214,7.9366,7.7697,7.9677,7.5638,7.5183,7.4814,8.0311,7.9867,62.08840000000001,7.7614,7.931,7.8765,7.5696,7.6459,7.5322,7.9793,69.62689999999999
Englewood,CO,Private,100,88,91,73,73,68,NA,145,1923,63,Cherry Hills Country Club,7.688,7.9033,7.6441,7.7236,7.605,7.5839,7.7893,7.6431,7.5643,7.6757,7.7663,7.6825,7.8655,8.0657,61.90619999999999,7.6696,7.9216,7.6005,7.7296,7.6463,7.5858,7.7205,69.27309999999999
Edina,MN,Private,NA,NA,73,54,59,84,NA,141,1911,64,Interlachen Country Club,7.7267,7.8508,7.5772,7.7473,7.6248,7.5802,7.7259,7.7251,7.546,7.7572,7.7813,7.6638,7.8739,8.152,62.2244,7.51,7.8438,7.3988,7.5577,7.4441,7.4435,7.6515,67.9171
Deer Lodge,MT,Private,48,45,38,113,81,56,NA,146,2008,65,Rock Creek Cattle Company,7.6949,7.6938,7.525,7.7816,7.7593,7.854,7.6357,7.6274,7.4658,7.7496,7.8235,7.8968,7.6944,7.7131,61.598,7.7465,7.7488,7.5783,7.86,7.8147,7.9048,7.7375,69.9971
Trinity,TX,Private,NA,NA,NA,55,55,51,NA,150,2000,66,Whispering Pines Golf Club,7.6616,7.769,7.7,7.6819,7.5653,7.732,7.6937,7.7418,7.7663,7.7386,7.8089,7.8142,7.7201,7.9844,62.316100000000006,7.7133,7.8528,7.7766,7.7546,7.5305,7.7832,7.7611,69.64000000000001
Bethesda,MD,Private,NA,55,61,75,91,73,NA,140,1924,67,Congressional Country Club (Blue),7.6864,7.7483,7.784,7.6486,7.5247,7.6047,7.7633,7.6356,7.8495,7.4883,7.565,7.5039,7.7079,7.9524,61.3382,7.6607,7.7561,7.7481,7.6179,7.5167,7.5249,7.7016,68.80460000000001
Naples,FL,Private,98,93,NA,96,74,69,NA,143,2001,68,Calusa Pines Golf Club,7.616,7.7184,7.7352,7.669,7.4389,7.6449,7.8657,7.6203,7.698,7.7074,7.6689,7.7151,7.9643,7.8215,61.8158,7.6142,7.7457,7.7023,7.658,7.347,7.652,7.9087,68.90010000000001
Rome,WI,Public,NA,NA,30,NA,NA,NA,12,NA,NA,69,Sand Valley: Lido,7.8317,7.8481,7.6632,7.773,7.574,7.3391,7.4595,NA,NA,NA,NA,NA,NA,NA,NA,NA,NA,NA,NA,NA,NA,NA,NA
Scottsdale,AZ,Private,NA,NA,NA,74,72,70,NA,147,1995,70,The Estancia Club,7.5987,7.7243,7.453,7.6353,7.7571,7.9249,7.944,7.5737,7.4562,7.6744,7.7645,8.0016,8.0414,7.8453,61.9308,7.6008,7.7704,7.47,7.6436,7.7808,7.9763,7.9585,69.4448
Santa Barbara,CA,Private,55,49,58,80,78,76,NA,133,1929,71,The Valley Club of Montecito,7.5572,7.9787,7.3019,7.6492000000000004,7.8336,7.8466,7.9605,7.5443,7.1969,7.7001,7.7446,7.8804,7.8544,8.2101,61.6751,7.5371,8.0152,7.3057,7.6244,7.7902,7.841,7.959,69.2341
Valentine,NE,Private,NA,59,46,NA,NA,NA,NA,NA,NA,72,CapRock Ranch,7.7011,7.7134,7.5031,7.7292,7.6871,7.891,7.5307,NA,NA,NA,NA,NA,NA,NA,NA,NA,NA,NA,NA,NA,NA,NA,NA
Plymouth,MA,Private,52,53,62,56,58,63,NA,139,2005,73,Old Sandwich Golf Club,7.6733,7.7583,7.6093,7.7387,7.5821,7.6148,7.6489,7.7352,7.6751,7.8558,7.7324,7.7637,7.8157,7.928,62.241099999999996,7.6889,7.8171,7.5847,7.7044,7.5199,7.6639,7.7227,69.0949
Medinah,IL,Private,NA,NA,74,48,60,93,NA,152,1928,74,Medinah Country Club (No. 3),7.7052,7.7583,7.7267,7.6162,7.5487,7.5859,7.7387,7.8127,8.0184,7.5567,7.7194,7.7051,7.6641,7.9304,62.2195,7.5364,7.7679,7.8684,7.3555,7.2696,7.4966,7.6726,67.8589
Scarsdale,NY,Private,39,47,52,76,76,81,NA,143,1918,75,Quaker Ridge Golf Club,7.6633,7.7341,7.7026,7.6726,7.5761,7.5181,7.8198,7.6701,7.7095,7.6954,7.682,7.5975,7.8428,7.864,61.7314,7.6413,7.7324,7.6729,7.6025,7.5748,7.491,7.8065,68.7652
Pebble Beach,CA,Public,NA,NA,NA,49,51,67,13,144,NA,76,Spyglass Hill,7.6328,7.6029,7.9609,7.6395,7.4466,7.7934,7.512,7.8215,8.1104,7.7621,7.7987,7.9645,7.5962,7.697,62.5719,7.6402,7.6234,7.9502,7.6299,7.4716,7.832,7.5525,68.9699
Pebble Beach,CA,Private,85,78,90,NA,80,79,NA,139,1929,77,Monterey Peninsula Country Club (Dunes),7.5713,7.7362,7.4455,7.6669,7.6806,8.062,7.6918,7.5601,7.487,7.629,7.7922,8.0862,7.7219,7.806,61.64249999999999,7.6005,7.7645,7.4665,7.6787,7.6877,8.0724,7.7104,69.2599
Manchester,MA,Private,64,62,65,91,79,78,NA,130,1893,78,Essex County Club,7.6344,7.8583,7.3978,7.8079,7.6929,7.7169,7.5506,7.6497,7.3801,7.9012,7.7994,7.7151,7.6182,7.9358,61.6492,7.6236,7.8642,7.3579,7.8426,7.7052,7.734,7.5496,69.1433
Manakin Sabot,VA,Private,NA,NA,NA,53,66,74,NA,141,2001,79,Kinloch Golf Club,7.6265,7.7472,7.4526,7.6146,7.5762,7.7526,7.9113,7.675,7.4711,7.7172,7.6868,7.7962,8.0851,7.9501,62.05649999999999,7.6233,7.7757,7.4206,7.6061,7.5116,7.6947,7.9447,68.8061
Edmond,OK,Private,NA,NA,NA,58,57,66,NA,165,1976,80,Oak Tree National,7.6968,7.5511,8.1103,7.682,7.3102,7.3923,7.5213,7.8412,8.2272,7.8287,7.7446,7.4749,7.6875,7.5973,62.242599999999996,7.7794,7.6038,8.1726,7.7393,7.2743,7.4675,7.5365,69.0921
Bandon,OR,Public,66,77,79,47,56,72,14,131,NA,81,Old Macdonald,7.623,7.8362,7.5227,7.7566,7.7039,7.6794,7.4911,7.6739,7.6323,7.9015,7.8728,7.8486,7.6276,8.0701,62.30069999999999,7.612,7.9044,7.5465,7.7755,7.6992,7.7327,7.519,69.1768
Columbus,OH,Private,NA,73,72,57,68,60,NA,140,1923,82,Scioto Country Club,7.6498,7.79,7.5855,7.5792,7.6595,7.5817,7.8164,7.7067,7.7326,7.6284,7.6694,7.6597,7.9336,7.9764,62.0135,7.6886,7.9532,7.681,7.6428,7.6223,7.6065,7.9886,69.51440000000001
Thermal,CA,Private,NA,NA,87,NA,NA,NA,NA,NA,NA,83,Ladera Golf Club,7.6657,7.6893,7.3841,7.6311,7.7645,7.666,7.8889,NA,NA,NA,NA,NA,NA,NA,NA,NA,NA,NA,NA,NA,NA,NA,NA
Springfield,NJ,Private,99,NA,NA,61,63,80,NA,151,1922,84,Baltusrol Golf Club (Upper),7.5954,7.8658,7.6282,7.5888,7.5253,7.5563,7.8003,7.7001,7.7057,7.6133,7.6047,7.6896,8.0757,8.0702,62.15939999999999,7.5528,7.8479,7.6095,7.5547,7.5231,7.5448,7.8612,68.6015
La Quinta,CA,Private,NA,NA,NA,83,85,91,NA,133,NA,85,The Quarry at La Quinta,7.5029,7.6438,7.2951,7.5252,7.657,7.9096,8.3097,7.4649,7.267,7.5943,7.684,7.9934,8.3049,7.7576,61.53099999999999,7.4682,7.6577,7.3099,7.5061,7.6347,7.8529,8.2108,68.61460000000001
Marshall,IL,Private,NA,NA,NA,63,82,85,NA,149,2004,86,Canyata Golf Club,7.5417,7.6391,7.5911,7.5988,7.561,7.7105,7.9445,7.5667,7.6133,7.5933,7.6824,7.7546,8.0995,7.7156,61.5921,7.5289,7.6762,7.5741,7.5278,7.4755,7.6846,7.9685,68.49230000000001
Oak Brook,IL,Private,NA,NA,NA,45,49,75,NA,152,1974,87,Butler National Golf Club,7.5835,7.6137,8.158,7.4949,7.0987,7.371,7.8627,7.8048,8.2377,7.6332,7.631,7.5168,8.1054,7.8925,62.6262,7.6106,7.6621,8.1833,7.52,7.1079,7.3867,7.8864,68.4876
Croton on Hudson,NY,Private,NA,NA,NA,85,89,88,NA,148,1966,88,Hudson National Golf Club,7.5217,7.6099,7.7236,7.576,7.4078,7.8696,7.7248,7.5282,7.7047,7.5679,7.684,7.882,7.8366,7.7227,61.45429999999999,7.4334,7.5923,7.6494,7.51,7.3853,7.802,7.69,68.00580000000001
Marion,MA,Private,58,65,68,67,77,89,NA,140,NA,89,The Kittansett Club,7.5671,7.8627,7.4963,7.5833,7.635,7.8733,7.5532,7.5286,7.4894,7.6593,7.8664,7.9806,7.6125,8.0251,61.6905,7.5534,7.8689,7.496,7.5805,7.639,7.845,7.5208,68.6375
Edison,NJ,Private,57,69,64,77,75,82,NA,138,1921,90,Plainfield Country Club,7.6263,7.6757,7.6043,7.6492000000000004,7.5564,7.4309,7.823,7.7372,7.6998,7.7206,7.6624,7.5137,7.8639,7.8147,61.749500000000005,7.6461,7.7327,7.603,7.6294,7.535,7.4638,7.7807,68.6662
Hingham,MA,Private,NA,NA,NA,82,84,90,NA,NA,2004,91,Boston Golf Club,7.6316,7.6842,7.6012,7.6406,7.4679,7.6071,7.6284,7.6785,7.633,7.7682,7.7042,7.6593,7.6784,7.7374,61.5375,7.5628,7.6292,7.5379,7.585,7.3824,7.5262,7.5964,67.9677
Bridgeport,WV,Private,NA,NA,NA,60,87,94,NA,144,NA,92,Pete Dye Golf Club,7.6565,7.634,7.6629,7.7588,7.4789,7.7075,7.2168,7.7471,7.8033,7.8493,7.8004,7.8298,7.208,7.5173,61.50229999999999,7.6426,7.5679,7.6663,7.7321,7.388,7.7155,7.075,68.1621
Santa Cruz,CA,Public,59,58,67,103,98,96,15,141,1929,93,Pasatiempo Golf Club,7.6712,7.6725,7.6481,7.7847,7.5397,7.4395,7.3703,7.6707,7.5907,7.8624,7.8044,7.4966,7.4038,7.5761,61.0754,7.6039,7.6145,7.605,7.7434,7.4847,7.422,7.3108,68.13159999999999
Louisville,KY,Private,NA,NA,NA,81,93,87,NA,149,1987,94,Valhalla Golf Club,7.6158,7.5974,7.7576,7.6023,7.4785,7.5045,7.6847,7.6884,7.8015,7.661,7.644,7.5526,7.6051,7.665,61.306,7.625,7.6257,7.8303,7.6175,7.504,7.4866,7.712,68.6436
Banner Elk,NC,Private,NA,NA,NA,90,86,77,NA,149,2003,95,Diamond Creek Golf Club,7.4691,7.7101,7.5034,7.4323,7.4645,7.9119,8.0155,7.4904,7.5681,7.4109,7.5964,7.9906,8.1077,7.8758,61.530300000000004,7.4811,7.7373,7.5501,7.4381,7.392,7.9639,8.1101,68.5918
Dallas,TX,Private,NA,NA,NA,59,71,83,NA,147,2002,96,Dallas National Golf Club,7.5607,7.6704,7.6067,7.5841,7.4342,7.5674,7.7965,7.6874,7.7058,7.709,7.658,7.7049,7.95,7.8294,61.931900000000006,7.5838,7.723,7.6356,7.6137,7.4369,7.6152,7.836,68.6417
River Hills,WI,Private,71,75,78,71,70,86,NA,136,1929,97,Milwaukee Country Club,7.5673,7.7857,7.4402,7.5607,7.6533,7.6319,7.78,7.6036,7.5291,7.6454,7.7166,7.7814,7.9992,8.0552,61.9341,7.5519,7.8285,7.4482,7.556,7.6448,7.6709,7.7968,68.605
Locust Valley,NY,Private,56,68,66,NA,109,97,NA,134,NA,98,Piping Rock Club,7.5891,7.708,7.2963,7.6829,7.6272,7.5076,7.8204,7.5286,7.2804,7.6517,7.6367,7.5464,7.8866,7.7254,60.7844,7.5858,7.7613,7.3324,7.6865,7.622,7.4577,7.8212,68.53920000000001
Carmel-by-the-sea,IN,Private,NA,NA,NA,94,106,101,NA,146,1967,99,Crooked Stick Golf Club,7.5869,7.6487,7.6708,7.5659,7.4603,7.3426,7.727,7.6194,7.6869,7.6097,7.5126,7.4265,7.7564,7.7105,60.9414,7.5489,7.5994,7.6311,7.5226,7.446,7.2817,7.6898,67.791
Newtown Square,PA,Private,89,81,84,78,94,95,NA,138,NA,100,Aronimink Golf Club,7.5593,7.736,7.6902,7.4344,7.4441,7.5511,7.7285,7.6434,7.7352,7.4296,7.5492,7.6022,7.7372,7.9167,61.256899999999995,7.5597,7.8078,7.7147,7.4077,7.4309,7.5675,7.731,68.1867
Chatham,MA,Private,53,57,50,154,128,102,NA,124,NA,101,Eastward Ho! Country Club,7.433,7.8034,7.2801,7.5296,7.6158,7.9662,7.6954,7.3137,7.0565,7.4354,7.7634,7.9622,7.6182,7.7374,60.200500000000005,7.3896,7.7623,7.2002,7.501,7.5882,7.9482,7.7073,67.9874
Arcadia,MI,Public,NA,NA,NA,68,83,92,16,132,1999,102,Arcadia Bluffs Golf Club (Bluffs),7.4813,7.5213,7.4985,7.529,7.534,7.981,7.4153,7.5198,7.5731,7.6418,7.93,8.1446,7.6367,7.6107,61.576499999999996,7.5157,7.6159,7.5038,7.5802,7.5524,8.0363,7.4795,68.3797
Bristol,VA,Private,NA,NA,NA,120,107,105,NA,141,NA,103,The Olde Farm,7.4876,7.6403,7.3856,7.5122,7.5263,7.5912,7.7915,7.4235,7.4143,7.4826,7.5101,7.6553,8.057,7.8912,60.8575,7.414,7.6582,7.3627,7.4022,7.5056,7.5621,7.8008,67.5218
Teton Village,WY,Private,NA,NA,NA,123,123,98,NA,NA,2009,104,Shooting Star Golf Club,7.4594,7.5431,7.4291,7.4702,7.5874,7.9021,7.6666,7.3954,7.3554,7.4057,7.5633,7.9147,7.7989,7.6637,60.4925,7.419,7.536,7.4093,7.4425,7.5183,7.8483,7.6996,67.7345
Parker,CO,Private,NA,NA,NA,111,120,112,NA,149,2008,105,Colorado Golf Club,7.5406,7.5098,7.5533,7.5655,7.3635,7.5203,7.5292,7.5364,7.5788,7.6066,7.5352,7.5485,7.6054,7.5846,60.53190000000001,7.5107,7.52,7.5494,7.5494,7.3291,7.5041,7.5331,67.5559
Atlanta,GA,Private,NA,NA,NA,119,129,150,NA,142,1913,106,East Lake Golf Club,7.5495,7.7117000000000004,7.5698,7.3741,7.4175,7.4105,7.7004,7.4452,7.5654,7.2263,7.4017,7.4467,7.6453,8.0221,60.1979,7.3115,7.8636,7.4833,7.1459,7.3139,7.2738,7.514,66.3634
Wayzata,MN,Private,NA,NA,NA,69,100,100,NA,NA,NA,107,Spring Hill Golf Club,7.4371,7.5486,7.5203,7.465,7.3366,7.6699,7.6941,7.5101,7.6265,7.5074,7.5631,7.7597,7.8403,7.7018,61.019000000000005,7.4731,7.5703,7.6202,7.4812,7.317,7.6675,7.7486,67.8322
Olympia Fields,IL,Private,NA,NA,NA,79,88,99,NA,150,NA,108,Olympia Fields Country Club (North),7.5043,7.5772,7.7214,7.4547,7.3107,7.3705,7.6314,7.7048,7.8476,7.5996,7.5065,7.5468,7.777,7.7735,61.46059999999999,7.5564,7.6338,7.7271,7.4605,7.3641,7.3935,7.652,67.8043
Kingsley,MI,Private,79,90,99,126,121,110,NA,NA,2001,109,Kingsley Club,7.5219,7.548,7.4293,7.5906,7.4479,7.4413,7.5706,7.5505,7.4154,7.6794,7.6008,7.5018,7.7003,7.5256,60.5243,7.5575,7.5084,7.4254,7.6305,7.4365,7.4364,7.5996,67.78229999999999
Locust Valley,NY,Private,62,61,53,136,133,129,NA,136,NA,110,The Creek,7.3969,7.7154,7.2134,7.6234,7.632,7.7606,7.4666,7.3828,7.1577,7.6057,7.6487,7.7859,7.3663,7.758,60.0879,7.3423,7.7081,7.1778,7.566,7.6125,7.7197,7.3691,67.4038
Columbus,TX,Private,NA,NA,NA,NA,NA,NA,NA,NA,2023,111,The Big Easy Ranch: The Covey,7.5217,7.5037,7.4141,7.5153,7.5143,7.4976,7.6841,NA,NA,NA,NA,NA,NA,NA,NA,NA,NA,NA,NA,NA,NA,NA,NA
Lutherville Timonium,MD,Private,75,87,95,NA,102,106,NA,141,1926,112,Baltimore Country Club (East),7.4722,7.5859,7.489,7.5716,7.4017,7.4004,7.5926,7.5815,7.5416,7.6869,7.5715,7.4771,7.8229,7.7381,61.0011,7.4954,7.6394,7.5019,7.5862,7.5013,7.4076,7.6427,67.85610000000001
Sugar Grove,IL,Private,NA,NA,NA,88,90,108,NA,153,NA,113,Rich Harvest Farms,7.4357,7.5775,7.6882,7.4472,7.2012,7.4955,7.613,7.5405,7.7989,7.6344,7.6151,7.6653,7.8149,7.7777,61.3873,7.3676,7.6278,7.7309,7.4514,7.1502,7.5087,7.6162,67.2718
Hanahan,SC,Private,47,44,47,87,99,104,NA,132,1925,114,Yeamans Hall Club,7.5117,7.9008,7.1767,7.5502,7.7058,7.5112,7.4237,7.6181,7.342,7.6908,7.6957,7.6054,7.4086,8.0699,61.04860000000001,7.4935,7.9275,7.2184,7.5406,7.762,7.464,7.4027,67.8428
Carmel-by-the-sea,CA,Private,NA,NA,NA,93,103,103,NA,143,2000,115,The Preserve Golf Club,7.3872,7.5809,7.3917,7.4342,7.4628,7.7708,7.7331,7.4372,7.4438,7.5073,7.6341,7.9017,7.8376,7.7837,60.982600000000005,7.4037,7.6734,7.4228,7.4822,7.5138,7.8408,7.7624,67.985
Cashiers,NC,Private,NA,NA,NA,105,113,111,NA,145,NA,116,Mountaintop Golf & Lake Club,7.4286,7.4999,7.3869,7.4016,7.4444,7.8051,7.7405,7.4133,7.4049,7.5137,7.5457,7.9153,7.8115,7.6342,60.6519,7.4558,7.5793,7.4073,7.4602,7.426,7.8279,7.7875,67.86
Palm Desert,CA,Private,NA,NA,NA,NA,115,122,NA,NA,NA,117,Stone Eagle Golf Club,7.4534,7.4379,7.3379,7.4544,7.4584,7.7476,7.7232,7.4636,7.3815,7.5166,7.5877,7.8206,7.8657,7.5371,60.6364,7.3679,7.4388,7.3227,7.3895,7.379,7.7138,7.6999,67.069
Ligonier,PA,Private,NA,NA,NA,95,122,123,NA,141,NA,118,Laurel Valley Golf Club,7.4392,7.6913,7.4895,7.369,7.5488,7.6591,7.5913,7.4689,7.5672,7.3886,7.502,7.7016,7.5845,7.8277,60.5094,7.4264,7.6893,7.4895,7.3338,7.5188,7.6524,7.5398,67.4102
Wilmington,NC,Private,NA,NA,NA,100,104,114,NA,NA,NA,119,Eagle Point Golf Club,7.4283,7.5482,7.4471,7.4015,7.476,7.5127,7.8685,7.5384,7.5881,7.4765,7.4678,7.6058,7.952,7.791,60.958,7.4261,7.6393,7.4872,7.4168,7.5223,7.5153,7.8552,67.7051
Flourtown,PA,Private,NA,NA,98,115,110,124,NA,140,NA,120,Philadelphia Cricket Club (Wissahickon,7.467,7.6074,7.4475,7.4877,7.4297,7.4119,7.6424,7.5441,7.5528,7.5338,7.546,7.5057,7.837,7.7122,60.77570000000001,7.4728,7.6007,7.4466,7.4378,7.4046,7.3977,7.625,67.29580000000001
Saint Louis,MO,Private,78,80,93,NA,138,128,NA,138,NA,121,St. Louis Country Club,7.4794,7.7638,7.244,7.6413,7.6046,7.3214,7.4445,7.4698,7.2311,7.6369,7.6116,7.3402,7.4473,7.7901,59.99680000000001,7.4136,7.7336,7.2054,7.5719,7.5014,7.3073,7.3962,67.1149
Tequesta,FL,Private,NA,NA,NA,130,111,109,NA,146,1970,122,Jupiter Hills Club (Hills),7.4223,7.5678,7.6025,7.3732,7.2567,7.4788,7.7621,7.4911,7.6745,7.4638,7.5254,7.5907,7.8544,7.6401,60.7311,7.457,7.5743,7.6659,7.4515,7.2704,7.523,7.8239,67.6745
La Quinta,CA,Private,NA,NA,NA,108,108,113,NA,143,2006,123,The Madison Club,7.4174,7.4435,7.3854,7.4151,7.4658,7.5998,7.8636,7.4273,7.373,7.476,7.5271,7.8258,8.052,7.6831,60.7916,7.354,7.5191,7.3297,7.3816,7.4159,7.6172,7.8968,67.2499
Flagstaff,AZ,Private,NA,NA,NA,114,125,121,NA,139,NA,124,Forest Highlands Golf Club (Canyon),7.4323,7.421,7.3718,7.5634,7.3536,7.552,7.6184,7.4862,7.4221,7.5853,7.6512,7.6613,7.6442,7.5108,60.4473,7.3964,7.3515,7.3419,7.5344,7.297,7.568,7.5267,66.94669999999999
Los Angeles,CA,Private,68,67,70,157,127,135,NA,135,1925,125,Bel-Air Country Club,7.3853,7.6931,7.1944,7.5398,7.6901,7.5634,7.6382,7.3107,7.1425,7.5936,7.6267,7.6422,7.7247,7.8794,60.230500000000006,7.3145,7.7695,7.1692,7.5305,7.6409,7.5049,7.6155,67.39
Charlotte,NC,Private,NA,NA,NA,NA,97,119,NA,143,1958,126,Quail Hollow Club,7.4429,7.4802,7.6214,7.4033,7.3377,7.409,7.6701,7.5702,7.7808,7.5204,7.53,7.592,7.9178,7.636,61.1174,7.4601,7.5144,7.6514,7.45,7.3437,7.4431,7.6758,67.4486
Bradenton,FL,Private,NA,NA,NA,133,141,133,NA,153,NA,127,The Concession Golf Club,7.4373,7.418,7.8194,7.3899,7.0359,7.3366,7.639,7.4684,7.7704,7.4527,7.262,7.3803,7.6496,7.4883,59.9401,7.4249,7.4777,7.7989,7.3923,7.0881,7.3451,7.6065,66.9507
Kohler,WI,Public,NA,NA,NA,92,95,117,17,153,NA,128,Blackwolf Run (River),7.4339,7.4024,7.6078,7.4529,7.2294,7.5444,7.5102,7.5929,7.7211,7.6402,7.6271,7.7441,7.6577,7.5647,61.1407,7.3901,7.3656,7.5542,7.414,7.2078,7.512,7.4593,66.70710000000001
French Lick,IN,Public,NA,NA,NA,104,117,118,18,140,NA,129,The Pete Dye Course At French Lick Resort,7.359,7.4561,7.7005,7.4115,6.9604,7.6062,7.5177,7.4577,7.8076,7.4022,7.5504,7.7398,7.6978,7.4869,60.600100000000005,7.3463,7.4416,7.6542,7.3757,6.9007,7.6623,7.5038,66.6066
Batesburg-Leesville,SC,Private,NA,NA,NA,NA,NA,NA,NA,NA,2023,130,The Tree Farm,7.525,7.4828,7.1563,7.5833,7.7582,7.3736,7.5816,NA,NA,NA,NA,NA,NA,NA,NA,NA,NA,NA,NA,NA,NA,NA,NA
Aiken,SC,Private,NA,NA,51,NA,NA,NA,NA,NA,2023,131,Old Barnwell Golf Club,7.5511,7.5222,7.2873,7.5295,7.6386,7.288,7.5359,NA,NA,NA,NA,NA,NA,NA,NA,NA,NA,NA,NA,NA,NA,NA,NA
University Place,WA,Public,NA,NA,NA,129,132,125,19,135,2007,132,Chambers Bay,7.5533,7.427,7.5068,7.5197,7.4263,7.6362,7.0508,7.5942,7.6449,7.5563,7.6927,7.7615,6.8674,7.4304,60.141600000000004,7.5693,7.3945,7.5696,7.5253,7.3645,7.6887,7.0163,67.22279999999999
Bowling Green,FL,Public,77,86,97,102,118,127,20,137,2012,133,Streamsong Red,7.4919,7.5146,7.3707,7.5029,7.466,7.4836,7.4073,7.5574,7.4778,7.6144,7.611,7.6047,7.5734,7.5824,60.5785,7.4801,7.5155,7.3811,7.5123,7.4232,7.5152,7.4461,67.2659
Nekoosa,WI,Public,91,98,NA,NA,112,116,21,128,2017,134,Sand Valley (sand valley),7.4442,7.5531,7.2473,7.5033,7.5106,7.5314,7.527,7.5716,7.2822,7.6506,7.6039,7.6768,7.5952,7.7282,60.6801,7.4849,7.6297,7.267,7.5349,7.5852,7.5744,7.5293,67.6252
Andover,KS,Private,NA,NA,NA,97,116,132,NA,144,NA,135,Flint National Golf Club,7.4058,7.5294,7.4286,7.4141,7.4087,7.5103,7.6353,7.4941,7.5144,7.4554,7.4799,7.6034,7.7788,7.7997,60.6198,7.3807,7.4833,7.3759,7.3181,7.3558,7.4793,7.6395,66.73140000000001
Galena,OH,Private,NA,NA,NA,86,96,107,NA,139,NA,136,Double Eagle Club,7.3532,7.5308,7.3134,7.3792,7.3659,7.4185,8.0123,7.5048,7.4472,7.5561,7.4694,7.5472,8.2621,7.829,61.1206,7.4125,7.654,7.3383,7.4641,7.4353,7.4788,8.0979,67.7575
Chaska,MN,Private,NA,NA,NA,107,126,138,NA,152,NA,137,Hazeltine National Golf Club,7.4907,7.4128,7.776,7.2908,7.1728,7.2734,7.6353,7.587,7.8968,7.3912,7.3332,7.3221,7.6671,7.5953,60.3797,7.4611,7.4718,7.7957,7.2953,7.283,7.2744,7.6084,66.9461
Carson City,NV,Private,NA,NA,NA,NA,NA,131,NA,142,2009,137,Clear Creek Tahoe,7.398,7.4578,7.371,7.52,7.3973,7.51,7.4856,NA,NA,NA,NA,NA,NA,NA,NA,7.3926,7.4637,7.3625,7.6108,7.4602,7.5299,7.4651,67.28819999999999
Paramus,NJ,Private,74,74,85,NA,134,152,NA,NA,1927,139,Ridgewood Country Club,7.451,7.4962,7.5784,7.3533,7.338,7.2961,7.655,7.5135,7.4834,7.4256,7.4008,7.4575,7.6745,7.612,60.080799999999996,7.4147,7.5087,7.4662,7.3437,7.3875,7.3592,7.6031,66.84150000000001
Pittsburgh,PA,Private,NA,NA,82,147,147,145,NA,137,NA,140,Fox Chapel Golf Club,7.4915,7.5118,7.2016,7.5588,7.5885,7.3332,7.4832,7.5378,7.2673,7.621,7.5462,7.2981,7.438,7.5735,59.819700000000005,7.4282,7.4237,7.1597,7.5086,7.4414,7.2265,7.4031,66.528
Shoal Creek,AL,Private,NA,NA,NA,106,119,130,NA,141,NA,141,Shoal Creek,7.4225,7.5631,7.4762,7.3518,7.466,7.5473,7.4534,7.5061,7.5234,7.4829,7.543,7.7094,7.4524,7.8202,60.5435,7.4256,7.6267,7.5034,7.3108,7.4597,7.5972,7.4529,67.11269999999999
Fort Wayne,IN,Private,NA,NA,NA,139,143,136,NA,148,NA,142,Sycamore Hills Golf Club,7.4346,7.4017,7.5956,7.3809,7.3106,7.3299,7.5971,7.4816,7.5913,7.401,7.4186,7.3678,7.6908,7.4732,59.9059,7.4309,7.4678,7.6097,7.4013,7.2552,7.3286,7.6555,66.9812
Yulee,FL,Private,NA,NA,NA,NA,NA,142,NA,NA,2021,143,The Dye Course at White Oak,7.3688,7.3623,7.3146,7.3667,7.4839,7.4036,7.9781,NA,NA,NA,NA,NA,NA,NA,NA,7.3619,7.2895,7.3178,7.3083,7.4554,7.4556,8.0387,66.89739999999999
Gainesville,VA,Private,NA,NA,NA,132,130,120,NA,145,1991,144,Robert Trent Jones Golf Club,7.3221,7.5302,7.4261,7.2488,7.3734,7.7013,7.6838,7.3696,7.4858,7.2458,7.5341,7.7742000000000004,7.689,7.7003,60.1684,7.3956,7.652,7.5154,7.2378,7.4266,7.7858,7.6675,67.31410000000001
Newport,RI,Private,84,84,77,116,137,126,NA,132,1893,145,Newport Country Club,7.3251,7.8777,7.2072,7.3852,7.5497,7.5723,7.3815,7.3087,7.1714,7.4085,7.5864,7.6864,7.4338,8.1485,60.0524,7.3404,7.9979,7.2434,7.4066,7.5762,7.607,7.4621,67.3806
Rumford,RI,Private,NA,NA,NA,144,166,163,NA,135,1898,146,Wannamoisett Country Club,7.4124,7.5193,7.4716,7.3722,7.5333,7.0864,7.7992,7.3869,7.4484,7.4534,7.3195,7.0844,7.7462,7.5488,59.374500000000005,7.3743,7.4384,7.4386,7.334,7.4505,7.0856,7.8344,66.66409999999999
Santa Rosa,CA,Private,NA,NA,NA,99,114,137,NA,152,2001,147,Mayacama Golf Club,7.403,7.3518,7.3687,7.3662,7.2533,7.6149,7.5465,7.4822,7.5071,7.4871,7.5461,7.7721,7.6686,7.6913,60.6367,7.4069,7.4473,7.3898,7.3557,7.2341,7.6501,7.5716,66.8181
Lanai,HI,Public,NA,NA,NA,NA,NA,140,22,134,NA,148,Manele Golf Course,7.2121,7.4866,7.1932,7.2616,7.5328,8.1083,7.6334,NA,NA,NA,NA,NA,NA,NA,NA,7.2354,7.4924,7.174,7.2892,7.6077,8.0803,7.5953,66.9989
Highland Park,IL,Private,NA,NA,94,NA,NA,164,NA,NA,1913,149,Old Elm Club,7.3776,7.6656,7.103,7.3675,7.5439,7.3159,7.788,NA,NA,NA,NA,NA,NA,NA,NA,7.3051,7.6491,7.0615,7.3582,7.5783,7.3351,7.7313,66.6819
Lahaina,HI,Public,NA,NA,NA,112,139,149,23,NA,NA,150,Kapalua (Plantation),7.3523,7.3562,7.3223,7.478,7.4032,7.8433,7.1723,7.4278,7.469,7.5454,7.7236,7.8741,7.1623,7.3457,59.9757,7.3714,7.3131,7.3628,7.4272,7.3768,7.8014,7.0419,66.4932
Truckee,CA,Private,NA,NA,NA,145,145,134,NA,143,NA,151,Martis Camp Golf Club,7.3077,7.332,7.3822,7.3915,7.3683,7.6656,7.488,7.368,7.414,7.4151,7.4367,7.7425,7.655,7.4565,59.855799999999995,7.3967,7.4447,7.4298,7.4337,7.3871,7.7422,7.6148,67.2794
Dayton,OH,Private,65,72,81,NA,177,146,NA,141,2022,152,Moraine Country Club,7.3912,7.4535,7.3228,7.3318,7.4223,7.3775,7.6587,7.3571,7.315,7.3639,7.3836,7.3989,7.5504,7.469,59.195,7.3539,7.4722,7.2737,7.2913,7.4094,7.4217,7.602,66.4694
Charlestown,RI,Private,NA,NA,NA,NA,170,156,NA,NA,2004,153,Shelter Harbor Golf Club,7.3294,7.4435,7.2286,7.3671,7.5394,7.5059,7.6789,7.3253,7.2559,7.3956,7.4148,7.4409,7.666,7.481,59.30480000000001,7.3133,7.4586,7.2346,7.3584,7.5299,7.4508,7.6323,66.64959999999999
Owings Mills,MD,Private,NA,NA,NA,140,135,157,NA,142,NA,154,Caves Valley Golf Club,7.3358,7.5784,7.2478,7.3696,7.448,7.5004,7.4787,7.3709,7.3969,7.3909,7.4804,7.6622,7.6073,7.7979,60.077400000000004,7.3084,7.6016,7.2624,7.3136,7.3647,7.5125,7.5059,66.4911
Homer,NE,Public,NA,NA,NA,NA,NA,NA,24,NA,2022,155,Landmand,7.449,7.4964,7.2589,7.5755,7.5454,7.4799,6.9229,NA,NA,NA,NA,NA,NA,NA,NA,NA,NA,NA,NA,NA,NA,NA,NA
Fayettville,AR,Private,NA,NA,NA,NA,NA,144,NA,149,2004,156,Blessings Golf Club,7.3919,7.3017,7.6747,7.3703,7.8458,7.2293,7.4685,NA,NA,NA,NA,NA,NA,NA,NA,7.2604,7.2397,7.736,7.3563,6.7704,7.1731,7.4317,65.5843
Hobe Sound,FL,Private,NA,NA,NA,176,179,179,NA,146,NA,157,McArthur Golf Club,7.3908,7.4319,7.2527,7.2942,7.2595,7.3547,7.7372,7.3661,7.3175,7.2751,7.1597,7.3632,7.7806,7.5521,59.180400000000006,7.3779,7.4429,7.2628,7.2622,7.3016,7.3552,7.793,NA
Montgomery,TX,Private,NA,NA,NA,NA,124,139,NA,139,NA,158,Bluejack National,7.3481,7.4827,7.0998,7.3474,7.6924,7.5049,7.6515,7.4704,7.3022,7.4955,7.5298,7.6442,7.7702,7.7657,60.4484,7.3412,7.5561,7.1171,7.3573,7.6978,7.5191,7.697,66.9841
Scottsdale,AZ,Private,NA,NA,NA,167,156,143,NA,NA,2006,159,Whisper Rock Golf Club (Upper),7.2008,7.5829,7.2483,7.28,7.4159,7.602,7.7308,7.3011,7.3314,7.2844,7.339,7.5675,7.7404,7.7573,59.6222,7.2541,7.6838,7.2626,7.2874,7.4131,7.568,7.7407,66.7512
Coeur D Alene,ID,Private,NA,NA,NA,84,105,141,NA,145,2003,160,The Golf Club at Black Rock,7.3156,7.3695,7.273,7.3747,7.3854,7.6938,7.3985,7.4806,7.4284,7.6301,7.7918,7.9213,7.6077,7.6023,60.942800000000005,7.2479,7.3086,7.2349,7.3039,7.3999,7.6443,7.3699,66.0612
Sea Island,GA,Private,NA,NA,NA,138,160,162,NA,144,1995,161,Ocean Forest Golf Club,7.2882,7.4225,7.4254,7.2564,7.2661,7.6356,7.5042,7.3059,7.5184,7.2487,7.3288,7.6289,7.4893,7.6687,59.494600000000005,7.2644,7.5363,7.4799,7.2341,7.2885,7.5687,7.4727,66.34309999999999
Johns Creek,GA,Private,NA,NA,NA,125,136,148,NA,152,1971,162,Atlanta Athletic Club (Highlands),7.3504,7.4347,7.5485,7.2814,7.209,7.305,7.5238,7.4868,7.6299,7.3346,7.3528,7.3737,7.7179,7.6732,60.0557,7.3635,7.5322,7.5123,7.2593,7.1723,7.3162,7.5307,66.3093
Deal,NJ,Private,83,89,75,NA,NA,170,NA,139,1898,163,Hollywood Golf Club,7.3406,7.5024,7.2383,7.3875,7.547,7.3309,7.5448,NA,NA,NA,NA,NA,NA,NA,NA,7.2977,7.2926,7.1348,7.2343,7.4626,7.2791,7.4671,65.7002
Bayonne,NJ,Private,NA,NA,NA,143,158,177,NA,145,NA,164,Bayonne Golf Club,7.28,7.4799,7.4524,7.3856,7.1881,7.461,7.3605,7.3482,7.4988,7.4581,7.5135,7.5128,7.4123,7.4362,59.5281,7.2191,7.3435,7.3614,7.3492,7.0708,7.3935,7.2369,NA
Nekoosa,WI,Public,96,NA,NA,NA,152,158,25,NA,2018,165,Sand Valley (Mannoth Dunes),7.3683,7.4987,6.9146,7.4485,7.7685,7.5306,7.4379,7.4043,6.9105,7.552,7.6419,7.6874,7.4442,7.6439,59.6885,7.3426,7.5538,6.9389,7.4643,7.7875,7.5484,7.4517,66.8941
Bowling Green,FL,Public,95,92,NA,124,148,151,26,131,2011,166,Streamsong Blue,7.3479,7.4518,7.22,7.4363,7.4475,7.41,7.3449,7.3916,7.3449,7.533,7.5259,7.5301,7.5223,7.5327,59.772099999999995,7.3607,7.5048,7.2618,7.4772,7.4561,7.4559,7.414,66.7684
Bandon,OR,Public,80,97,NA,NA,NA,115,27,NA,NA,167,Sheep Ranch,7.2894,7.6448,6.9726,7.3809,7.8118,7.9744,7.0441,NA,NA,NA,NA,NA,NA,NA,NA,7.4073,7.7777,7.0718,7.481,7.8657,7.9874,7.1772,67.6564
Absecon,NJ,Private,NA,NA,NA,117,131,165,NA,146,1994,168,Galloway National Golf Club,7.3806,7.2256,7.5981,7.3095,7.1732,7.4114,7.3381,7.5337,7.7043,7.5356,7.413,7.5519,7.5602,7.3338,60.1662,7.3512,7.196,7.4894,7.285,7.0483,7.3206,7.3249,65.6516
Saint Louis,MO,Private,NA,NA,NA,118,165,169,NA,146,1960,169,Bellerive Country Club,7.3575,7.4263,7.5475,7.2695,7.2553,7.2685,7.436,7.4234,7.6325,7.3359,7.2866,7.2969,7.4651,7.5213,59.385099999999994,7.4122,7.4706,7.6483,7.1972,7.2585,7.2979,7.422,66.31609999999999
Hilton Head Island,SC,Public,73,63,69,127,142,160,28,148,NA,170,Harbour Town Golf Links,7.3666,7.4387,7.4294,7.3201,7.2832,7.3322,7.3541,7.5759,7.5536,7.4852,7.5657,7.4201,7.3177,7.4136,59.9077,7.3893,7.4295,7.4605,7.3365,7.2989,7.3455,7.3429,66.3289
Sammamish,WA,Private,NA,NA,NA,153,140,147,NA,147,NA,171,Aldarra Golf Club,7.3105,7.2905,7.404,7.376,7.1867,7.4315,7.4211,7.3944,7.5168,7.5237,7.4568,7.5539,7.6274,7.4869,59.954299999999996,7.3374,7.3148,7.4544,7.4273,7.182,7.5055,7.4734,66.4595
Meadows of Dan,VA,Public,NA,NA,NA,149,151,155,29,NA,NA,172,The Highland Course At Primland,7.2608,7.2281,7.3393,7.3415,7.094,7.7036,7.4322,7.2527,7.3696,7.4546,7.6186,7.8964,7.5466,7.337,59.7282,7.2151,7.2907,7.3361,7.3936,6.9563,7.694,7.4406,65.9351
Pinehurst,NC,Public,NA,NA,88,NA,NA,NA,30,NA,NA,173,Pinehurst No. 10,7.3908,7.3642,7.2576,7.4194,7.3946,7.2517,7.352,NA,NA,NA,NA,NA,NA,NA,NA,NA,NA,NA,NA,NA,NA,NA,NA
Beaufort,SC,Private,NA,NA,NA,165,164,159,NA,140,NA,174,Secession Golf Club,7.2127,7.6146,7.1824,7.2902,7.4515,7.5182,7.5138,7.2337,7.2009,7.3684,7.3939,7.5735,7.5522,7.8647,59.421,7.2429,7.6734,7.1949,7.2748,7.426,7.4571,7.4625,66.2493
Water Mill,NY,Private,NA,NA,NA,NA,NA,175,NA,142,1992,175,Atlantic Golf Club,7.2914,7.3455,7.2756,7.2108,7.2228,7.4266,7.7811,NA,NA,NA,NA,NA,NA,NA,NA,7.2821,7.3959,7.3086,7.1664,7.2172,7.3812,7.7405,NA
Scottsdale,AZ,Private,NA,NA,NA,172,188,174,NA,147,2001,176,Whisper Rock Golf Club (Lower),7.225,7.5625,7.3499,7.1876,7.2994,7.338,7.7417,7.2478,7.3231,7.1563,7.0496,7.3346,7.7751,7.8614,58.9957,7.2352,7.6301,7.3201,7.1703,7.2883,7.3339,7.7007,NA
Diggs,ID,Private,NA,NA,NA,NA,153,199,NA,150,NA,177,Tributary,7.3143,7.2399,7.4384,7.3611,7.1447,7.3408,7.4463,7.427,7.6042,7.5077,7.3802,7.4216,7.6816,7.2357,59.685,7.3244,7.1991,7.314,7.3324,7.1026,7.279,7.3786,NA
Brewster,WA,Public,61,82,100,NA,183,183,31,120,NA,178,Gamble Sands,7.4513,7.3279,6.7921,7.4353,7.8208,7.4917,7.4198,7.3338,6.7865,7.4277,7.5238,7.6445,7.5631,7.4858,59.099,7.3218,7.3149,6.7204,7.415,7.8091,7.4791,7.4759,NA
Rhodes,IA,Private,NA,NA,NA,NA,NA,197,NA,140,2000,179,The Harvester Club,7.3082,7.2485,7.4286,7.2976,7.1464,7.2125,7.6899,NA,NA,NA,NA,NA,NA,NA,NA,7.3094,7.22,7.421,7.2854,7.1047,7.1895,7.6888,NA
Beachwood,OH,Private,NA,NA,NA,NA,181,192,NA,140,1922,180,Canterbury Golf Club,7.3411,7.4832,7.3194,7.3101,7.3706,7.1704,7.5023,7.3462,7.3993,7.4048,7.28,7.164,7.5761,7.6019,59.1185,7.287,7.456,7.3261,7.3167,7.3197,7.1663,7.5178,NA
Big Sky,MT,Private,NA,NA,NA,NA,NA,176,NA,NA,NA,181,The Reserve at Moonlight Basin,7.2041,7.3024,7.4512,7.3041,7.1858,7.7834,7.2049,NA,NA,NA,NA,NA,NA,NA,NA,7.2235,7.335,7.4769,7.3233,7.0926,7.8106,7.2422,NA
Fort Worth,TX,Private,NA,NA,NA,146,161,184,NA,133,NA,182,Colonial Country Club,7.3473,7.574,7.4602,7.2834,7.2149,7.1253,7.3243,7.4843,7.4096,7.3935,7.408,7.2103,7.3557,7.7159,59.4616,7.3309,7.4658,7.4557,7.2402,7.1585,7.0626,7.2644,NA
Siaconset,MA,Private,NA,NA,92,NA,NA,196,NA,126,1923,183,Sankaty Head Golf Club,7.223,7.6347,7.1099,7.2045,7.5991,7.719,7.4181,NA,NA,NA,NA,NA,NA,NA,NA,7.0862,7.6401,7.0454,7.152,7.5976,7.6765,7.4609,NA
Gretna,NE,Private,NA,NA,NA,NA,NA,NA,NA,NA,NA,184,Lost Rail Golf Club,7.2963,7.2894,7.2858,7.3504,7.2842,7.3249,7.5311,NA,NA,NA,NA,NA,NA,NA,NA,NA,NA,NA,NA,NA,NA,NA,NA
Hamilton,MT,Private,NA,NA,NA,NA,NA,NA,NA,NA,NA,185,Stock Farm Club,7.2709,7.294,7.2411,7.2925,7.29,7.6001,7.4246,NA,NA,NA,NA,NA,NA,NA,NA,NA,NA,NA,NA,NA,NA,NA,NA
Thousand Oaks,CA,Private,NA,NA,NA,NA,180,187,NA,144,1989,186,Sherwood Country Club,7.2315,7.3186,7.2982,7.2802,7.2803,7.5631,7.4768,7.2794,7.3287,7.3211,7.3656,7.5798,7.5142,7.4559,59.1241,7.1943,7.304,7.2507,7.2279,7.2329,7.5124,7.4548,NA
Maxwell,NE,Private,NA,NA,NA,NA,NA,NA,NA,NA,NA,187,GrayBull Club,7.3247,7.3437,7.0889,7.3389,7.409,7.4516,7.4682,NA,NA,NA,NA,NA,NA,NA,NA,NA,NA,NA,NA,NA,NA,NA,NA
Hobe Sound,FL,Private,NA,NA,NA,NA,NA,181,NA,142,1995,188,Medalist Golf Club,7.167,7.3335,7.5706,7.2121,7.009,7.2111,7.7715,NA,NA,NA,NA,NA,NA,NA,NA,7.2342,7.4936,7.5565,7.1222,7.0951,7.1767,7.8185,NA
Greenwich,CT,Private,NA,NA,NA,150,159,173,NA,143,1962,189,The Stanwich Club,7.309,7.2444,7.523,7.1721,7.0236,7.1484,7.7619,7.3869,7.6515,7.2796,7.1937,7.2954,7.8152,7.4895,59.4987,7.3047,7.2688,7.5973,7.169,6.9919,7.1744,7.812,NA
Pinehurst,NC,Public,92,100,NA,NA,162,171,32,138,NA,190,Pinehurst No. 4,7.3259,7.4027,7.282,7.327,7.3075,7.3261,7.2861,7.394,7.3811,7.4456,7.3565,7.4446,7.368,7.6736,59.4574,7.3177,7.4683,7.2812,7.3186,7.3252,7.3166,7.313,NA
Bowling Green,FL,Public,NA,NA,NA,NA,169,178,33,135,2017,191,Streamsong Black,7.3121,7.3617,7.2087,7.3801,7.3256,7.2649,7.3516,7.3847,7.3121,7.4913,7.4312,7.3351,7.5156,7.4588,59.31349999999999,7.3393,7.4147,7.2331,7.3829,7.359,7.2842,7.3792,NA
Bridgman,MI,Private,NA,NA,NA,141,186,190,NA,138,NA,192,Lost Dunes Golf Club,7.3136,7.2907,7.2438,7.3614,7.3016,7.4004,7.2799,7.3628,7.3086,7.4252,7.42,7.4344,7.351,7.3489,59.0137,7.2807,7.306,7.1633,7.3796,7.2829,7.3767,7.2078,NA
Park City,UT,Private,NA,NA,NA,168,182,168,NA,141,NA,193,Glenwild Golf Club,7.2359,7.3293,7.3069,7.1973,7.3968,7.5457,7.4871,7.2872,7.3355,7.2923,7.3183,7.5147,7.5676,7.4996,59.102399999999996,7.3019,7.3709,7.3215,7.236,7.4245,7.551,7.4973,66.241
Dallas,TX,Private,NA,NA,NA,NA,NA,NA,NA,NA,NA,194,Brook Hollow Golf Club,7.3249,7.3949,7.3026,7.2873,7.3462,7.1034,7.5097,NA,NA,NA,NA,NA,NA,NA,NA,NA,NA,NA,NA,NA,NA,NA,NA
Palm Beach Gardens,FL,Private,NA,NA,NA,NA,NA,NA,NA,NA,NA,195,Panther National,7.3793,7.1385,7.3835,7.4188,7.2688,6.9522,7.449,NA,NA,NA,NA,NA,NA,NA,NA,NA,NA,NA,NA,NA,NA,NA,NA
Sammamish,WA,Private,NA,NA,NA,98,146,172,NA,NA,NA,196,Sahalee Country Club,7.2104,7.4086,7.5186,7.1215,7.1313,7.4711,7.4474,7.4431,7.4661,7.2679,7.4455,7.6229,7.5775,7.5722,59.838300000000004,7.2876,7.4555,7.4787,7.1664,7.1152,7.4782,7.4298,NA
Fairfax,CA,Private,NA,NA,NA,193,NA,NA,NA,NA,NA,197,Meadow Club,7.2334,7.5093,7.021,7.3092,7.5133,7.5006,7.3889,NA,NA,NA,NA,NA,NA,NA,NA,NA,NA,NA,NA,NA,NA,NA,NA
Johns Island,SC,Private,NA,NA,NA,137,150,166,NA,147,2000,198,Kiawah Island Club (Cassique),7.2508,7.3759,7.2439,7.3663,7.3091,7.4137,7.217,7.4159,7.318,7.5764,7.4261,7.5634,7.4271,7.6053,59.7481,7.3154,7.4873,7.2443,7.4545,7.3927,7.528,7.2929,66.485
Kingston Springs,TN,Private,NA,NA,NA,158,167,167,NA,144,1991,199,The Golf Club Of Tennessee,7.2709,7.3677,7.2753,7.2784,7.2608,7.4654,7.277,7.3536,7.3921,7.3625,7.4084,7.5471,7.4118,7.5226,59.351699999999994,7.2488,7.4543,7.3024,7.2675,7.2722,7.4798,7.3372,65.87849999999999
Indian Wells,CA,Private,NA,NA,NA,NA,196,NA,NA,NA,NA,200,The Vintage Club (Mountain),7.1311,7.3557,7.0458,7.1775,7.3574,7.705,7.7585,7.2048,7.0595,7.2571,7.2689,7.69,7.7555,7.3608,58.801399999999994,NA,NA,NA,NA,NA,NA,NA,NA
Mountain Brook,AL,Private,NA,NA,NA,173,200,NA,NA,NA,NA,NA,Country Club Of Birmingham (West),NA,NA,NA,NA,NA,NA,NA,7.3068,7.4012,7.3071,7.2495,7.2364,7.5002,7.4225,58.7305,NA,NA,NA,NA,NA,NA,NA,NA
Carefree,AZ,Private,NA,NA,NA,197,NA,NA,NA,NA,NA,NA,Desert Forest Golf Club,NA,NA,NA,NA,NA,NA,NA,NA,NA,NA,NA,NA,NA,NA,NA,NA,NA,NA,NA,NA,NA,NA,NA
Scottsdale,AZ,Private,NA,NA,NA,182,NA,NA,NA,NA,NA,NA,Desert Highlands Golf Club,NA,NA,NA,NA,NA,NA,NA,NA,NA,NA,NA,NA,NA,NA,NA,NA,NA,NA,NA,NA,NA,NA,NA
Peoria,AZ,Public,NA,NA,NA,NA,NA,NA,93,148,NA,NA,Quintero Golf Club,6.931,6.9267,7.0607,6.8555,6.9724,7.1819,7.0743,NA,NA,NA,NA,NA,NA,NA,NA,NA,NA,NA,NA,NA,NA,NA,NA
Tuscon,AZ,Private,NA,NA,NA,155,184,182,NA,140,2000,NA,The Stone Canyon Club,NA,NA,NA,NA,NA,NA,NA,7.2441,7.3031,7.3487,7.4135,7.6526,7.5406,7.3343,59.080999999999996,7.2375,7.2677,7.2219,7.2486,7.1765,7.4986,7.3534,NA
San Martin,CA,Private,NA,NA,NA,187,NA,NA,52,146,NA,NA,CordeValle Golf Club,7.1041,7.1033,7.1102,7.1204,7.2215,7.3197,7.288,NA,NA,NA,NA,NA,NA,NA,NA,NA,NA,NA,NA,NA,NA,NA,NA
Daly City,CA,Private,54,60,59,NA,NA,NA,NA,NA,NA,NA,Olympic (Lake),NA,NA,NA,NA,NA,NA,NA,NA,NA,NA,NA,NA,NA,NA,NA,NA,NA,NA,NA,NA,NA,NA,NA
La Quinta,CA,Public,NA,NA,NA,194,NA,NA,62,148,NA,NA,PGA West (TPC Stadium),7.1758,7.0306,7.5124,7.0804,6.8686,6.8863,6.9493,NA,NA,NA,NA,NA,NA,NA,NA,NA,NA,NA,NA,NA,NA,NA,NA
Irvine,CA,Private,NA,NA,NA,200,NA,NA,NA,NA,NA,NA,Shady Canyon,NA,NA,NA,NA,NA,NA,NA,NA,NA,NA,NA,NA,NA,NA,NA,NA,NA,NA,NA,NA,NA,NA,NA
Rancho Santa Fe,CA,Private,NA,NA,NA,NA,192,NA,NA,NA,NA,NA,The Bridges at Rancho Santa Fe,NA,NA,NA,NA,NA,NA,NA,7.195,7.1525,7.2506,7.3935,7.6524,7.5227,7.4896,58.85130000000001,NA,NA,NA,NA,NA,NA,NA,NA
Pebble Beach,CA,Public,NA,NA,NA,189,NA,NA,54,140,NA,NA,The Links At Spanish Bay,7.0587,7.1538,7.1647,7.0746,7.146,7.4933,7.094,NA,NA,NA,NA,NA,NA,NA,NA,NA,NA,NA,NA,NA,NA,NA,NA
La Jolla,CA,Public,NA,NA,NA,166,198,NA,40,148,1957,NA,Torrey Pines Golf Course (South),7.1789,7.197,7.6164,7.0582,7.1276,7.551,7.1239,7.3157,7.6569,7.0979,7.433,7.6518,7.0411,7.2561,58.76819999999999,NA,NA,NA,NA,NA,NA,NA,NA
La Quinta,CA,Private,NA,NA,NA,NA,187,189,NA,140,NA,NA,Tradition Golf Club,NA,NA,NA,NA,NA,NA,NA,7.2508,6.9958,7.3309,7.4086,7.6377,7.6454,7.4834,59.0034,7.0716,7.3236,6.8466,7.1499,7.3482,7.5658,7.5893,NA
Wolcott,CO,Public,NA,NA,NA,NA,NA,NA,71,134,NA,NA,Red Sky Ranch & Golf Club Fazio Course,6.9468,7.0174,6.8972,7.0391,7.1052,7.4178,7.0036,NA,NA,NA,NA,NA,NA,NA,NA,NA,NA,NA,NA,NA,NA,NA,NA
Wolcott,CO,Public,NA,NA,NA,NA,NA,NA,87,147,2003,NA,Red Sky Ranch & Golf Club Norman Course,6.8647,7.0257,7.0356,6.8877,6.9315,7.3009,7.0036,NA,NA,NA,NA,NA,NA,NA,NA,NA,NA,NA,NA,NA,NA,NA,NA
Sedalia,CO,Private,NA,NA,NA,152,NA,NA,NA,NA,NA,NA,Sanctuary,NA,NA,NA,NA,NA,NA,NA,NA,NA,NA,NA,NA,NA,NA,NA,NA,NA,NA,NA,NA,NA,NA,NA
Colorado Springs,CO,Public,NA,NA,NA,169,199,NA,47,139,NA,NA,The Broadmoor Golf Club (East,7.1392,7.2714,7.2562,7.0757,7.1751,7.3174,7.3398,7.2329,7.3425,7.1661,7.3283,7.5502,7.3813,7.501,58.735200000000006,NA,NA,NA,NA,NA,NA,NA,NA
New Haven,CT,Public,NA,NA,NA,177,NA,NA,NA,NA,NA,NA,The Course At Yale,NA,NA,NA,NA,NA,NA,NA,NA,NA,NA,NA,NA,NA,NA,NA,NA,NA,NA,NA,NA,NA,NA,NA
New Haven,CT,Public,NA,NA,NA,NA,NA,NA,38,135,1926,NA,Yale Golf Course,7.4694,7.3738,7.2819,7.7201,7.3784,7.0362,6.1152,NA,NA,NA,NA,NA,NA,NA,NA,NA,NA,NA,NA,NA,NA,NA,NA
Wilmington,DE,Private,NA,NA,NA,195,NA,NA,NA,NA,NA,NA,Wilmington Country Club (South,NA,NA,NA,NA,NA,NA,NA,NA,NA,NA,NA,NA,NA,NA,NA,NA,NA,NA,NA,NA,NA,NA,NA
Lecanto,FL,Private,NA,NA,NA,163,185,NA,NA,NA,NA,NA,Black Diamond Ranch (Quarry,NA,NA,NA,NA,NA,NA,NA,7.3298,7.2757,7.5541,7.699,7.6017,7.093,7.159,59.0421,NA,NA,NA,NA,NA,NA,NA,NA
Brooksville,FL,Public,NA,NA,NA,NA,NA,NA,50,NA,2024,NA,Cabot Citrus Farms: Karoo,7.2934,7.1316,7.2069,7.1795,7.3379,7.0518,7.0201,NA,NA,NA,NA,NA,NA,NA,NA,NA,NA,NA,NA,NA,NA,NA,NA
Hobe Sound,FL,Private,NA,NA,NA,198,NA,NA,NA,NA,NA,NA,Loblolly Golf Club,NA,NA,NA,NA,NA,NA,NA,NA,NA,NA,NA,NA,NA,NA,NA,NA,NA,NA,NA,NA,NA,NA,NA
Lake Wales,FL,Private,NA,NA,NA,NA,174,193,NA,135,1916,NA,Mountain Lake Golf Course,NA,NA,NA,NA,NA,NA,NA,7.2826,6.9921,7.6073,7.5684,7.3738,7.4964,7.6278,59.231,7.2655,7.5531,7.0089,7.4984,7.6058,7.2149,7.4276,NA
Jacksonville,FL,Private,NA,NA,NA,186,NA,NA,NA,NA,NA,NA,Pablo Creek Club,NA,NA,NA,NA,NA,NA,NA,NA,NA,NA,NA,NA,NA,NA,NA,NA,NA,NA,NA,NA,NA,NA,NA
Boynton Beach,FL,Private,NA,NA,NA,190,NA,NA,NA,NA,NA,NA,Pine Tree Golf Club,NA,NA,NA,NA,NA,NA,NA,NA,NA,NA,NA,NA,NA,NA,NA,NA,NA,NA,NA,NA,NA,NA,NA
Jupiter,FL,Private,NA,NA,NA,NA,NA,180,NA,153,1999,NA,The Bear's Club,NA,NA,NA,NA,NA,NA,NA,NA,NA,NA,NA,NA,NA,NA,NA,7.3201,7.3313,7.5696,7.2232,7.0713,7.2788,7.688,NA
West Palm Beach,FL,Public,NA,NA,NA,NA,NA,NA,89,NA,2023,NA,The Park at West Palm Beach,7.0898,7.0456,6.7647,7.0333,7.4259,6.7533,7.0391,NA,NA,NA,NA,NA,NA,NA,NA,NA,NA,NA,NA,NA,NA,NA,NA
West Palm Beach,FL,Private,NA,NA,NA,156,195,NA,NA,NA,NA,NA,Trump International Golf Club (Championship),NA,NA,NA,NA,NA,NA,NA,7.2103,7.3522,7.2647,7.3542,7.5733,7.6359,7.2158,58.816700000000004,NA,NA,NA,NA,NA,NA,NA,NA
Miami,FL,Public,NA,NA,NA,NA,NA,NA,86,146,NA,NA,Trump National Doral: Blue Monster,6.9876,6.8393,7.3582,6.9206,7.7229,6.8302,7.0742,NA,NA,NA,NA,NA,NA,NA,NA,NA,NA,NA,NA,NA,NA,NA,NA
Marietta,GA,Private,NA,NA,NA,170,194,NA,NA,NA,NA,NA,Atlanta Country Club,NA,NA,NA,NA,NA,NA,NA,7.2841,7.2611,7.4469,7.3207,7.3991,7.36,7.4849,58.84089999999999,NA,NA,NA,NA,NA,NA,NA,NA
Eatonton,GA,Public,NA,NA,NA,NA,NA,NA,99,134,NA,NA,Reynolds Lake Oconee: Great Waters,6.9511,6.8755,6.863,6.9271,6.945,7.1478,6.9686,NA,NA,NA,NA,NA,NA,NA,NA,NA,NA,NA,NA,NA,NA,NA,NA
Saint Simons Island,GA,Public,NA,NA,NA,160,176,NA,45,137,NA,NA,Sea Island Golf Club (Seaside),7.1377,7.2887,7.1374,7.1104,7.1729,7.4692,7.287,7.2755,7.2682,7.3086,7.4236,7.6041,7.4812,7.5714,59.2081,NA,NA,NA,NA,NA,NA,NA,NA
Princeville,HI,Public,NA,NA,NA,NA,NA,NA,73,134,NA,NA,Makai Golf Club,6.9526,6.9207,6.8507,7.0339,7.257,7.4881,6.9866,NA,NA,NA,NA,NA,NA,NA,NA,NA,NA,NA,NA,NA,NA,NA,NA
Kamuela,HI,Public,NA,NA,NA,151,149,NA,43,144,1964,NA,Mauna Kea Golf Course,7.2243,7.0915,7.3218,7.2379,7.1559,7.5202,6.8739,7.4593,7.5648,7.4445,7.6131,7.7735,7.1826,7.2687,59.765800000000006,NA,NA,NA,NA,NA,NA,NA,NA
Ewa Beach,HI,Private,NA,NA,NA,109,NA,NA,NA,NA,NA,NA,The Prince Golf Course,NA,NA,NA,NA,NA,NA,NA,NA,NA,NA,NA,NA,NA,NA,NA,NA,NA,NA,NA,NA,NA,NA,NA
Pleasant Valley,IA,Private,NA,95,NA,NA,NA,NA,NA,NA,NA,NA,Davenport,NA,NA,NA,NA,NA,NA,NA,NA,NA,NA,NA,NA,NA,NA,NA,NA,NA,NA,NA,NA,NA,NA,NA
Driggs,ID,Private,NA,NA,NA,134,NA,NA,NA,NA,NA,NA,Huntsman Springs Golf Club,NA,NA,NA,NA,NA,NA,NA,NA,NA,NA,NA,NA,NA,NA,NA,NA,NA,NA,NA,NA,NA,NA,NA
Lemont,IL,Public,NA,NA,NA,NA,NA,NA,76,151,1963,NA,Cog Hill Golf & Country Club: Dubsdread #4,7.0759,6.835,7.4689,6.9774,6.7816,7.8464,6.929,NA,NA,NA,NA,NA,NA,NA,NA,NA,NA,NA,NA,NA,NA,NA,NA
Lake Forest,IL,Private,NA,NA,NA,174,NA,NA,NA,NA,NA,NA,Conway Farms Golf Club,NA,NA,NA,NA,NA,NA,NA,NA,NA,NA,NA,NA,NA,NA,NA,NA,NA,NA,NA,NA,NA,NA,NA
Olympia Fields,IL,Private,NA,NA,NA,188,NA,NA,NA,NA,NA,NA,Olympia Fields Country Club (South),NA,NA,NA,NA,NA,NA,NA,NA,NA,NA,NA,NA,NA,NA,NA,NA,NA,NA,NA,NA,NA,NA,NA
Bloomington,IN,Public,NA,NA,NA,NA,NA,NA,97,132,2019,NA,The Pfau Course at Indiana University,7.0028,6.7301,7.5848,6.9359,6.4868,6.7294,6.7451,NA,NA,NA,NA,NA,NA,NA,NA,NA,NA,NA,NA,NA,NA,NA,NA
Williamstown,MA,Public,NA,NA,NA,NA,NA,NA,78,136,1896,NA,Taconic Golf Club,6.9627,7.056,7.0084,7.0899,7.124,7.0681,6.9022,NA,NA,NA,NA,NA,NA,NA,NA,NA,NA,NA,NA,NA,NA,NA,NA
Arcadia,MI,Public,NA,NA,NA,NA,NA,NA,53,132,2018,NA,Arcadia Bluffs South Course,7.215,7.1858,7.1627,7.1662,7.2699,6.8086,7.3368,NA,NA,NA,NA,NA,NA,NA,NA,NA,NA,NA,NA,NA,NA,NA,NA
Bay Harbor,MI,Public,NA,NA,NA,NA,NA,NA,100,NA,1996,NA,Bay Harbor Golf Club: Links/Quarry,6.8238,6.8486,6.9296,7.0133,6.8596,7.3054,8.8282,NA,NA,NA,NA,NA,NA,NA,NA,NA,NA,NA,NA,NA,NA,NA,NA
Roscommon,MI,Public,NA,NA,NA,135,163,NA,37,146,NA,NA,Forest Dunes Golf Club,7.241,7.1732,7.31,7.286,7.3044,7.2784,7.3811,7.3939,7.3952,7.4435,7.3673,7.4772,7.6498,7.3357,59.456500000000005,NA,NA,NA,NA,NA,NA,NA,NA
Marquette,MI,Public,NA,NA,NA,NA,NA,NA,55,147,NA,NA,Greywalls at Marquette Golf Club,7.0186,6.9098,7.1244,7.3018,6.8449,7.3867,7.0234,NA,NA,NA,NA,NA,NA,NA,NA,NA,NA,NA,NA,NA,NA,NA,NA
Brenton Harbor,MI,Private,NA,NA,NA,185,NA,NA,NA,NA,NA,NA,Point O' Woods Golf & Country Club,NA,NA,NA,NA,NA,NA,NA,NA,NA,NA,NA,NA,NA,NA,NA,NA,NA,NA,NA,NA,NA,NA,NA
Roscommon,MI,Public,NA,NA,NA,NA,NA,NA,63,NA,2018,NA,The Loop: Black,7.1865,7.3073,6.9908,7.168,7.3534,6.7988,7.2985,NA,NA,NA,NA,NA,NA,NA,NA,NA,NA,NA,NA,NA,NA,NA,NA
Roscommon,MI,Public,NA,NA,NA,NA,NA,NA,68,NA,2016,NA,The Loop: Red,7.0963,7.268,6.9664,7.0599,7.3015,6.7109,7.2028,NA,NA,NA,NA,NA,NA,NA,NA,NA,NA,NA,NA,NA,NA,NA,NA
Stanwood,MI,Public,NA,NA,NA,NA,NA,NA,70,150,NA,NA,Tullymore Golf Resort,7.0594,6.9352,7.1995,7.042,6.9226,6.9946,7.0051,NA,NA,NA,NA,NA,NA,NA,NA,NA,NA,NA,NA,NA,NA,NA,NA
Brainerd,MN,Public,NA,NA,NA,NA,NA,NA,80,148,1997,NA,Madden's on Gull Lake: The Classic,6.9369,6.932,7.1133,6.946,6.8684,7.2788,6.9265,NA,NA,NA,NA,NA,NA,NA,NA,NA,NA,NA,NA,NA,NA,NA,NA
Biwabik,MN,Public,NA,NA,NA,NA,NA,NA,58,139,NA,NA,The Quarry at Giants Ridge,7.1456,7.0227,7.0285,7.2803,7.1267,7.2513,6.8556,NA,NA,NA,NA,NA,NA,NA,NA,NA,NA,NA,NA,NA,NA,NA,NA
Tower,MN,Public,NA,NA,NA,NA,NA,NA,72,142,2005,NA,The Wilderness at Fortune Bay,7.1268,6.7636,6.9606,7.1703,7.0655,7.0765,6.8484,NA,NA,NA,NA,NA,NA,NA,NA,NA,NA,NA,NA,NA,NA,NA,NA
White Bear Lake,MN,Private,76,71,86,191,NA,NA,NA,NA,NA,NA,White Bear Yacht Club,NA,NA,NA,NA,NA,NA,NA,NA,NA,NA,NA,NA,NA,NA,NA,NA,NA,NA,NA,NA,NA,NA,NA
Hollister,MO,Public,NA,NA,NA,NA,NA,NA,94,130,1999,NA,Big Cedar Lodge: Buffalo Ridge,6.9416,9.9526,6.9113,7.0038,7.0824,7.1621,6.8499,NA,NA,NA,NA,NA,NA,NA,NA,NA,NA,NA,NA,NA,NA,NA,NA
Hollister,MO,Public,NA,NA,NA,NA,NA,NA,81,NA,NA,NA,Big Cedar Lodge: Payne's Valley,6.9309,7.0243,6.7961,6.9109,7.2942,7.3418,7.1343,NA,NA,NA,NA,NA,NA,NA,NA,NA,NA,NA,NA,NA,NA,NA,NA
Hollister,MO,Public,NA,NA,NA,NA,155,NA,46,NA,NA,NA,Ozarks National Golf Club,7.2039,7.1658,7.1141,7.2025,7.177,7.3291,7.2502,7.405,7.2936,7.4321,7.4327,7.6552,7.5366,7.4655,59.625699999999995,NA,NA,NA,NA,NA,NA,NA,NA
Saucier,MS,Public,NA,NA,NA,178,NA,NA,48,142,NA,NA,Fallen Oak Golf Club,7.1155,7.1828,7.2334,7.2146,7.1912,7.2947,7.2387,NA,NA,NA,NA,NA,NA,NA,NA,NA,NA,NA,NA,NA,NA,NA,NA
West Point,MS,Public,NA,NA,NA,NA,NA,NA,82,135,2016,NA,Mossy Oak Golf Club,7.0407,6.971,6.9608,7.0967,7.0791,6.7873,6.9636,NA,NA,NA,NA,NA,NA,NA,NA,NA,NA,NA,NA,NA,NA,NA,NA
Eureka,MT,Public,NA,NA,NA,NA,NA,NA,57,146,NA,NA,Wilderness Club,7.1358,7.0422,7.1217,7.1139,7.03,7.3224,7.0446,NA,NA,NA,NA,NA,NA,NA,NA,NA,NA,NA,NA,NA,NA,NA,NA
Charlotte,NC,Private,NA,NA,NA,161,172,195,NA,136,NA,NA,Charlotte Country Club,NA,NA,NA,NA,NA,NA,NA,7.3791,7.3578,7.3698,7.2865,7.275,7.5703,7.6483,59.265899999999995,7.2046,7.4262,7.2918,7.2944,7.2574,7.26,7.5295,NA
Linville,NC,Private,NA,NA,NA,121,144,154,NA,142,1967,NA,Grandfather Golf & Country Club,NA,NA,NA,NA,NA,NA,NA,7.3601,7.3607,7.4234,7.479,7.7596,7.5583,7.5793,59.8805,7.3352,7.455,7.3065,7.2874,7.3828,7.6408,7.4668,66.4971
Southern Pines,NC,Public,NA,NA,NA,NA,NA,NA,88,130,1921,NA,Mid Pines Inn & Golf Club,6.9678,7.14,6.8645,7.0408,7.2088,7.0025,6.833,NA,NA,NA,NA,NA,NA,NA,NA,NA,NA,NA,NA,NA,NA,NA,NA
Southern Pines,NC,Public,NA,NA,NA,NA,NA,NA,60,135,NA,NA,Pine Needles Lodge & Golf Club,7.1323,7.2317,7.1018,7.1506,7.191,7.0389,6.9965,NA,NA,NA,NA,NA,NA,NA,NA,NA,NA,NA,NA,NA,NA,NA,NA
Southern Pines,NC,Public,NA,NA,NA,NA,NA,NA,98,129,1907,NA,Southern Pines Golf Club,7.0094,7.0558,6.9097,7.0374,7.0934,6.868,6.7411,NA,NA,NA,NA,NA,NA,NA,NA,NA,NA,NA,NA,NA,NA,NA,NA
Sanford,NC,Public,NA,NA,NA,NA,NA,NA,44,145,NA,NA,Tobacco Road Golf Club,7.306,7.3071,7.0141,7.3824,7.3236,7.189,6.84,NA,NA,NA,NA,NA,NA,NA,NA,NA,NA,NA,NA,NA,NA,NA,NA
Mullen,NE,Private,NA,NA,NA,131,154,185,NA,NA,NA,NA,Dismal River Club (Red),NA,NA,NA,NA,NA,NA,NA,7.4473,7.2816,7.5943,7.4916,7.5551,7.3008,7.5199,59.63790000000001,7.3055,7.3665,7.1857,7.3402,7.3232,7.3684,6.8593,NA
Valentine,NE,Public,82,94,NA,184,NA,NA,36,133,NA,NA,The Prairie Club (Dunes),7.2932,7.2608,7.1974,7.2845,7.4398,7.3954,7.2939,NA,NA,NA,NA,NA,NA,NA,NA,NA,NA,NA,NA,NA,NA,NA,NA
Valentine,NE,Public,NA,NA,NA,NA,NA,NA,90,129,NA,NA,The Prairie Club (Pines),6.9205,6.9267,6.8879,6.9757,7.0348,7.1047,7.1284,NA,NA,NA,NA,NA,NA,NA,NA,NA,NA,NA,NA,NA,NA,NA,NA
Gothenburg,NE,Public,NA,NA,NA,NA,NA,NA,84,133,NA,NA,Wild Horse Golf Club,7.0395,6.9752,6.8754,6.9349,7.2669,6.8741,7.2731,NA,NA,NA,NA,NA,NA,NA,NA,NA,NA,NA,NA,NA,NA,NA,NA
Jersey City,NJ,Private,NA,NA,NA,NA,197,194,NA,155,2006,NA,Liberty National Golf Club,NA,NA,NA,NA,NA,NA,NA,7.1426,7.364,7.1657,7.4268,7.5958,7.6169,7.3227,58.7771,7.1777,7.2891,7.2882,7.246,7.1565,7.51,7.4301,NA
West Caldwell,NJ,Private,90,NA,NA,NA,NA,NA,NA,NA,NA,NA,Mountain Ridge,NA,NA,NA,NA,NA,NA,NA,NA,NA,NA,NA,NA,NA,NA,NA,NA,NA,NA,NA,NA,NA,NA,NA
Ringoes,NJ,Private,NA,NA,NA,NA,189,NA,NA,NA,NA,NA,The Ridge at Back Brook,NA,NA,NA,NA,NA,NA,NA,7.2041,7.3219,7.1999,7.2899,7.5436,7.8777,7.3365,58.9777,NA,NA,NA,NA,NA,NA,NA,NA
Espanola,NM,Public,NA,NA,NA,NA,NA,NA,85,137,2003,NA,Black Mesa Golf Club,6.9857,6.8756,7.1588,7.1786,6.9493,7.0987,6.4742,NA,NA,NA,NA,NA,NA,NA,NA,NA,NA,NA,NA,NA,NA,NA,NA
Sandia Park,NM,Public,NA,NA,NA,NA,NA,NA,56,NA,2000,NA,Paako Ridge Golf Club,7.1144,7.0119,7.2139,7.1291,6.9835,7.2953,7.0684,NA,NA,NA,NA,NA,NA,NA,NA,NA,NA,NA,NA,NA,NA,NA,NA
Boulder City,NV,Public,NA,NA,NA,NA,NA,NA,74,150,NA,NA,Cascata,6.9384,7.086,7.0706,6.8465,7.027,7.331,7.1592,NA,NA,NA,NA,NA,NA,NA,NA,NA,NA,NA,NA,NA,NA,NA,NA
Stateline,NV,Public,NA,NA,NA,NA,NA,NA,83,145,1968,NA,Edgewood Tahoe Golf Course,6.8733,6.9866,6.8857,6.811,7.1199,7.3815,7.33,NA,NA,NA,NA,NA,NA,NA,NA,NA,NA,NA,NA,NA,NA,NA,NA
Las Vegas,NV,Private,NA,NA,NA,162,191,161,NA,145,NA,NA,Southern Highlands Golf Club,NA,NA,NA,NA,NA,NA,NA,7.2568,7.2653,7.2531,7.3512,7.5681,7.5396,7.4194,58.91030000000001,7.23,7.3856,7.234,7.2482,7.1606,7.4916,7.5465,65.7747
Mesquite,NV,Public,NA,NA,NA,196,NA,NA,59,154,NA,NA,Wolf Creek Golf Club,7.0412,6.949,7.2122,7.194,6.9409,7.4819,6.8305,NA,NA,NA,NA,NA,NA,NA,NA,NA,NA,NA,NA,NA,NA,NA,NA
Reno,NV,Private,NA,NA,NA,180,NA,NA,NA,NA,NA,NA,Wolf Run Golf Club,NA,NA,NA,NA,NA,NA,NA,NA,NA,NA,NA,NA,NA,NA,NA,NA,NA,NA,NA,NA,NA,NA,NA
Las Vegas,NV,Public,NA,NA,NA,NA,NA,NA,67,NA,2005,NA,Wynn Golf Club,6.9155,7.1123,6.7437,6.9208,7.3452,7.4105,7.5572,NA,NA,NA,NA,NA,NA,NA,NA,NA,NA,NA,NA,NA,NA,NA,NA
Queensbury,NY,Private,86,83,NA,NA,NA,NA,NA,NA,NA,NA,Glens Falls,NA,NA,NA,NA,NA,NA,NA,NA,NA,NA,NA,NA,NA,NA,NA,NA,NA,NA,NA,NA,NA,NA,NA
Canton,OH,Private,NA,96,NA,NA,NA,NA,NA,NA,NA,NA,Brookside,NA,NA,NA,NA,NA,NA,NA,NA,NA,NA,NA,NA,NA,NA,NA,NA,NA,NA,NA,NA,NA,NA,NA
Akron,OH,Public,NA,NA,NA,NA,NA,NA,91,132,NA,NA,FIrestone Country Club: South,6.9711,6.9369,7.4377,6.6751,6.7257,6.9015,7.262,NA,NA,NA,NA,NA,NA,NA,NA,NA,NA,NA,NA,NA,NA,NA,NA
Stillwater,OK,Public,NA,NA,NA,NA,NA,186,NA,152,NA,NA,Karsten Creek Golf Club,NA,NA,NA,NA,NA,NA,NA,NA,NA,NA,NA,NA,NA,NA,NA,7.428,7.247,7.8805,7.302,6.9114,7.1272,7.403,NA
Sunriver,OR,Public,NA,NA,NA,NA,NA,NA,69,145,NA,NA,Crosswater Golf Course,6.9869,7.0269,7.0566,6.9832,6.9775,7.2307,7.1411,NA,NA,NA,NA,NA,NA,NA,NA,NA,NA,NA,NA,NA,NA,NA,NA
Eugene,OR,Private,NA,NA,NA,128,171,NA,NA,NA,NA,NA,Eugene Country Club,NA,NA,NA,NA,NA,NA,NA,7.394,7.3021,7.2349,7.3454,7.4851,7.6426,7.47,59.268100000000004,NA,NA,NA,NA,NA,NA,NA,NA
Bend,OR,Private,NA,NA,NA,181,NA,NA,NA,NA,NA,NA,Pronghorn Club (Fazio),NA,NA,NA,NA,NA,NA,NA,NA,NA,NA,NA,NA,NA,NA,NA,NA,NA,NA,NA,NA,NA,NA,NA
Bend,OR,Public,NA,NA,NA,171,190,NA,41,151,NA,NA,Pronghorn Club (Nicklaus),7.1484,7.1323,7.3108,7.1835,7.0422,7.2402,7.4491,7.2457,7.4311,7.3404,7.2441,7.3915,7.6944,7.3363,58.9292,NA,NA,NA,NA,NA,NA,NA,NA
Bend,OR,Public,NA,NA,NA,NA,NA,NA,61,144,NA,NA,Tetherow Golf Club,7.0949,6.9275,7.3077,7.1292,6.7214,7.0868,7.1576,NA,NA,NA,NA,NA,NA,NA,NA,NA,NA,NA,NA,NA,NA,NA,NA
Farmington,PA,Public,NA,NA,NA,NA,NA,NA,64,149,NA,NA,Nemacolin: Mystic Rock,7.0531,6.909,7.2521,7.0706,6.9765,7.1684,7.1482,NA,NA,NA,NA,NA,NA,NA,NA,NA,NA,NA,NA,NA,NA,NA,NA
Johns Island,SC,Private,NA,NA,NA,175,193,200,NA,148,1995,NA,Kiawah Island Club (River),NA,NA,NA,NA,NA,NA,NA,7.358,7.3837,7.257,7.2173,7.4177,7.3388,7.5138,58.84429999999999,7.3086,7.4662,7.321,7.1735,7.1584,7.4024,7.2047,NA
Hilton Head Island,SC,Private,NA,NA,NA,148,173,188,NA,141,1981,NA,Long Cove Club,NA,NA,NA,NA,NA,NA,NA,7.4277,7.3934,7.4706,7.3936,7.3152,7.4452,7.3759,59.2493,7.4103,7.2759,7.3268,7.4385,7.2278,7.2645,7.3684,NA
Bluffton,SC,Private,NA,NA,NA,179,NA,NA,NA,NA,NA,NA,May River Golf Club At Palmetto Bluff,NA,NA,NA,NA,NA,NA,NA,NA,NA,NA,NA,NA,NA,NA,NA,NA,NA,NA,NA,NA,NA,NA,NA
Aiken,SC,Private,93,99,NA,NA,NA,NA,NA,NA,NA,NA,Palmetto,NA,NA,NA,NA,NA,NA,NA,NA,NA,NA,NA,NA,NA,NA,NA,NA,NA,NA,NA,NA,NA,NA,NA
Graniteville,SC,Private,NA,NA,NA,122,NA,153,NA,146,NA,NA,Sage Valley Golf Club,NA,NA,NA,NA,NA,NA,NA,NA,NA,NA,NA,NA,NA,NA,NA,7.2834,7.493,7.3117,7.264,7.325,7.6532,7.57,66.4477
Myrtle Beach,SC,Public,NA,NA,NA,NA,NA,NA,79,148,NA,NA,The Dunes Golf & Beach Club,7.0188,6.9991,7.118,6.9271,6.8875,6.9505,7.1474,NA,NA,NA,NA,NA,NA,NA,NA,NA,NA,NA,NA,NA,NA,NA,NA
Collierville,TN,Private,NA,NA,NA,164,168,198,NA,145,NA,NA,Spring Creek Ranch Golf Club,NA,NA,NA,NA,NA,NA,NA,7.4316,7.5092,7.3748,7.2798,7.4007,7.5298,7.3908,59.3483,7.364,7.3559,7.395,7.2675,7.1242,7.3039,7.2216,NA
Frisco,TX,Public,NA,NA,NA,NA,NA,NA,77,NA,2023,NA,Fields Ranch PGA of America Frisco: West Course,7.0297,6.915,7.0065,7.0804,7.1684,6.8312,7.1982,NA,NA,NA,NA,NA,NA,NA,NA,NA,NA,NA,NA,NA,NA,NA,NA
Frisco,TX,Public,NA,NA,NA,NA,NA,NA,34,NA,2023,NA,Fields Ranch PGA of America Frisco: East Course,7.3192,7.1275,7.6173,7.3249,6.9595,6.9789,7.3472,NA,NA,NA,NA,NA,NA,NA,NA,NA,NA,NA,NA,NA,NA,NA,NA
San Antonio,TX,Public,NA,NA,NA,NA,NA,NA,95,145,NA,NA,TPC San Antonio (Oaks),6.9724,6.808,7.1626,6.9269,6.8482,6.9101,7.0679,NA,NA,NA,NA,NA,NA,NA,NA,NA,NA,NA,NA,NA,NA,NA,NA
Dallas,TX,Private,NA,NA,96,NA,NA,NA,NA,NA,NA,NA,Trinity Forest,NA,NA,NA,NA,NA,NA,NA,NA,NA,NA,NA,NA,NA,NA,NA,NA,NA,NA,NA,NA,NA,NA,NA
La Hood,TX,Private,88,NA,NA,NA,NA,NA,NA,NA,NA,NA,Wolf Point,NA,NA,NA,NA,NA,NA,NA,NA,NA,NA,NA,NA,NA,NA,NA,NA,NA,NA,NA,NA,NA,NA,NA
Ivins,UT,Public,NA,NA,NA,NA,NA,NA,35,NA,2023,NA,Balck Desert Resort,7.1519,7.325,7.1991,7.2322,7.1937,7.6496,7.4069,NA,NA,NA,NA,NA,NA,NA,NA,NA,NA,NA,NA,NA,NA,NA,NA
Roanoke,VA,Private,NA,NA,NA,183,175,191,NA,155,2009,NA,Ballyhack Golf Club,NA,NA,NA,NA,NA,NA,NA,7.3424,7.625,7.5029,7.4871,7.3565,7.3323,7.2377,59.226299999999995,7.2574,7.0864,7.5313,7.3319,6.8865,7.1316,7.2662,NA
Williamsburg,VA,Public,NA,NA,NA,NA,NA,NA,75,NA,NA,NA,Golden Horseshoe Golf Club: Golf Course,6.9759,7.0016,6.9589,7.073,7.0321,7.1382,7.0098,NA,NA,NA,NA,NA,NA,NA,NA,NA,NA,NA,NA,NA,NA,NA,NA
Hot Springs,VA,Public,NA,NA,NA,142,157,NA,42,137,NA,NA,Omni Homestead (Cascades),7.1562,7.353,7.0184,7.3617,7.1216,7.348,7.0375,7.3423,7.2732,7.5846,7.6366,7.5778,7.2052,7.6127,59.57469999999999,NA,NA,NA,NA,NA,NA,NA,NA
Walla Walla,WA,Public,NA,NA,NA,NA,NA,NA,96,134,NA,NA,Wine Vallley Golf Club,6.9404,6.9073,6.8834,7.002,7.2555,6.9158,7.1118,NA,NA,NA,NA,NA,NA,NA,NA,NA,NA,NA,NA,NA,NA,NA,NA
Kohler,WI,Public,NA,NA,NA,NA,NA,NA,92,144,NA,NA,Blackwolf Run (Meadows Valley),6.9306,6.9183,6.9997,6.9688,6.9552,6.8942,7.2065,NA,NA,NA,NA,NA,NA,NA,NA,NA,NA,NA,NA,NA,NA,NA,NA
Wauwatosa,WI,Private,NA,NA,NA,199,NA,NA,NA,NA,NA,NA,Blue Mound Golf & Country Club,NA,NA,NA,NA,NA,NA,NA,NA,NA,NA,NA,NA,NA,NA,NA,NA,NA,NA,NA,NA,NA,NA,NA
Green Lake,WI,Public,87,79,89,NA,NA,NA,66,130,NA,NA,Lawsonia (Links),7.1268,7.1649,6.9124,7.174,7.3239,6.988,6.8866,NA,NA,NA,NA,NA,NA,NA,NA,NA,NA,NA,NA,NA,NA,NA,NA
Nehoosa,WI,Public,NA,NA,NA,NA,NA,NA,51,NA,2024,NA,Sedge Valley at Sand Valley,7.1668,7.2968,6.7669,7.25,7.4435,7.1362,7.263,NA,NA,NA,NA,NA,NA,NA,NA,NA,NA,NA,NA,NA,NA,NA,NA
Stevens Point,WI,Public,NA,NA,NA,NA,NA,NA,49,NA,1983,NA,SentryWorld Golf Club,7.1083,6.9378,7.3066,7.2363,6.9707,7.1871,7.4796,NA,NA,NA,NA,NA,NA,NA,NA,NA,NA,NA,NA,NA,NA,NA,NA
Sheboygan,WI,Public,NA,NA,NA,192,NA,NA,65,146,NA,NA,Whistling Straits (Irish),7.0452,7.1053,7.0995,7.0359,7.1012,7.1605,7.1875,NA,NA,NA,NA,NA,NA,NA,NA,NA,NA,NA,NA,NA,NA,NA,NA
White Sulphur Springs,WV,Public,NA,NA,NA,159,178,NA,39,145,NA,NA,The Greenbrier (Old White TPC),7.2079,7.3546,7.1428,7.2368,7.3211,7.3326,7.3689,7.3236,7.286,7.4278,7.4132,7.4488,7.4694,7.4925,59.1849,NA,NA,NA,NA,NA,NA,NA,NA
